Kernel name,Computation duration (us),Global size,Local size,WORK_GROUP_SIZE_X,WORK_GROUP_SIZE_Y,WORK_GROUP_SIZE_Z,Z_ITERATIONS,INNER_UNROLL_FACTOR,USE_SOA,USE_CONSTANT_MEMORY,VECTOR_SIZE,dram_utilization,dram_read_transactions,dram_write_transactions,l2_utilization,l2_read_transactions,l2_write_transactions,tex_utilization,tex_cache_transactions,local_memory_overhead,shared_utilization,shared_efficiency,shared_load_transactions,shared_store_transactions,local_load_transactions,local_store_transactions,achieved_occupancy,sm_efficiency,inst_fp_16,inst_fp_32,inst_fp_64,inst_integer,inst_control,inst_compute_ld_st,inst_misc,inst_bit_convert,inst_executed,half_precision_fu_utilization,single_precision_fu_utilization,flop_sp_efficiency,double_precision_fu_utilization,flop_dp_efficiency,special_fu_utilization,cf_fu_utilization,ldst_fu_utilization,tex_fu_utilization,issue_slot_utilization,warp_execution_efficiency,warp_nonpred_execution_efficiency,Maximum work-group size,Local memory size,Private memory size,Constant memory size,Registers count
directCoulombSum,35911,16777216,64,16,4,1,1,0,0,0,1,1,2100154,2070605,1,35655248,2097802,10,538968064,0,0,0,0,0,0,0,0.982008,98.887,0,8606711808,0,889192448,117440512,1107296256,1040187392,50331648,372244480,0,3,20.0168,0,0,2,1,1,3,29.1612,100,99.1549,1024,0,0,0,32
directCoulombSum,41956,16777216,64,16,4,1,1,0,1,0,1,1,2098478,2068523,1,136316216,2097161,3,538968064,0,0,0,0,0,0,0,0.937365,99.995,0,8606711808,0,3724541952,285212672,4328521728,1610612736,50331648,584056832,0,1,4.58352,0,0,1,1,1,3,9.2014,100,99.5512,1024,0,0,0,32
directCoulombSum,5477,8388608,64,16,4,1,2,0,0,0,1,1,2097190,2068507,1,18874416,2097161,9,270532608,0,0,0,0,0,0,0,0.960677,99.3617,0,6459228160,0,872415232,142606336,570425344,285212672,25165824,262406144,0,4,24.3935,0,0,3,1,1,3,34.8479,100,99.5005,1024,0,0,0,29
directCoulombSum,21147,8388608,64,16,4,1,2,0,1,0,1,1,2097190,2068507,1,69206064,2097289,3,270532608,0,0,0,0,0,0,0,0.940635,100.019,0,6459228160,0,1962934272,142606336,2181038080,1073741824,25165824,371458048,0,1,6.31023,0,0,1,1,1,3,11.0551,100,99.6471,1024,0,0,0,32
directCoulombSum,11039,8388608,64,16,4,1,2,1,0,0,1,1,2097566,2076675,5,155189688,138412041,7,406847488,92.8571,0,0,0,0,272629760,136314880,0.983948,99.9025,0,6996099072,0,6224347136,1090519040,2743074816,1182793728,25165824,588775424,0,4,12.8899,0,0,2,1,1,6,39.2173,100,96.9279,1024,0,8,0,16
directCoulombSum,24355,8388608,64,16,4,1,2,1,1,0,1,1,2097190,2076631,3,205520944,138412041,3,406847488,79.2683,0,0,0,0,272629760,136314880,0.992214,100.031,0,6996099072,0,9982443520,1090519040,4353687552,2256535552,25165824,790102016,0,2,5.81682,0,0,1,1,1,4,22.5636,100,97.7107,1024,0,8,0,19
directCoulombSum,2965,4194304,64,16,4,1,4,0,0,0,1,2,2097190,2068479,1,10485808,2097161,9,136314880,0,0,0,0,0,0,0,0.982976,100.213,0,5385486336,0,541065216,71303168,301989888,163577856,12582912,203030528,0,5,35.521,0,0,5,1,1,3,49.5386,100,99.6772,1024,0,0,0,32
directCoulombSum,10817,4194304,64,16,4,1,4,0,1,0,1,1,2097190,2068507,1,35651632,2097161,3,136314880,0,0,0,0,0,0,0,0.973364,99.7336,0,5385486336,0,1073741824,71303168,1107296256,696254464,12582912,261488640,0,2,9.60761,0,0,2,1,1,3,15.5019,100,99.7494,1024,0,0,0,32
directCoulombSum,9285,4194304,64,16,4,1,4,1,0,0,1,1,2098470,4395884,6,146802232,138412041,6,272629760,95.5882,0,0,0,0,272629760,136314880,0.991084,99.7847,0,5653921792,0,4815060992,1082130432,2470445056,595591168,12582912,466223104,0,3,11.7188,0,0,2,1,1,6,35.0821,100,98.0602,1024,0,16,0,15
directCoulombSum,14080,4194304,64,16,4,1,4,1,1,0,1,1,2097190,4987069,4,171966528,138412041,4,272629760,87.8378,0,0,0,0,272629760,136314880,0.987541,99.9071,0,5653921792,0,6694109184,1082130432,3275751424,1132462080,12582912,566886400,0,3,7.7041,0,0,1,1,1,6,27.2804,100,98.4046,1024,0,16,0,19
directCoulombSum,8395,4194304,64,16,4,1,4,2,0,0,1,1,2097190,4171234,6,146800768,138412041,6,272629760,95.5882,0,0,0,0,272629760,136314880,0.991199,99.7645,0,5653921792,0,3204448256,545259520,1396703232,595591168,12582912,365559808,0,3,12.9325,0,0,2,1,1,7,33.3707,100,97.526,1024,0,16,0,20
directCoulombSum,14050,4194304,64,16,4,1,4,2,1,0,1,1,2097190,4322605,4,171966744,138412041,4,272629760,87.8378,0,0,0,0,272629760,136314880,0.993113,99.8884,0,5653921792,0,5083496448,545259520,2202009600,1132462080,12582912,466223104,0,3,7.72171,0,0,1,1,1,6,24.1559,100,98.0602,1024,0,16,0,21
directCoulombSum,2006,2097152,64,16,4,1,8,0,0,0,1,3,2097190,2068423,1,6291736,2097161,7,69206016,0,0,0,0,0,0,0,0.983934,99.4439,0,4848615424,0,362807296,35651584,167772160,174063616,6291456,175177728,0,6,45.0106,0,0,7,1,1,2,62.3993,100,99.8129,1024,0,0,0,32
directCoulombSum,5683,2097152,64,16,4,1,8,0,1,0,1,1,2097286,2068507,1,18874664,2097161,3,69206016,0,0,0,0,0,0,0,0.988253,100.363,0,4848615424,0,629145600,35651584,570425344,306184192,6291456,200212480,0,3,15.7132,0,0,3,1,1,3,23.5158,100,99.8363,1024,0,0,0,32
directCoulombSum,9903,2097152,64,16,4,1,8,1,0,0,1,6,2238498,40669331,5,142606384,138412041,4,205520896,97.0149,0,0,0,0,272629760,136314880,0.972559,100.326,0,4982833152,0,4110417920,1077936128,2336227328,306184192,6291456,405143552,0,3,9.3136,0,0,2,1,1,6,27.3078,100,98.8839,1024,0,32,0,15
directCoulombSum,10540,2097152,64,16,4,1,8,1,1,0,1,6,2249326,43363679,5,155190784,138412041,4,205520896,92.8571,0,0,0,0,272629760,136314880,0.976797,99.9507,0,4982833152,0,5049942016,1077936128,2738880512,574619648,6291456,455475200,0,3,8.72501,0,0,2,1,1,6,28.5209,100,99.0072,1024,0,32,0,19
directCoulombSum,9130,2097152,64,16,4,1,8,2,0,0,1,7,2241082,42002955,6,142606384,138412041,5,205520896,97.0149,0,0,0,0,272629760,136314880,0.972668,100.139,0,4982833152,0,2499805184,541065216,1262485504,306184192,6291456,304480256,0,3,10.0756,0,0,2,1,1,6,24.6816,100,98.5149,1024,0,32,0,20
directCoulombSum,10066,2097152,64,16,4,1,8,2,1,0,1,7,2260534,46105706,5,155189536,138412041,4,205520896,92.8571,0,0,0,0,272629760,136314880,0.977241,99.7589,0,4982833152,0,3439329280,541065216,1665138688,574619648,6291456,354811904,0,3,9.29,0,0,2,1,1,7,25.8766,100,98.7255,1024,0,32,0,21
directCoulombSum,8912,2097152,64,16,4,1,8,4,0,0,1,6,2221018,39823116,6,142606672,138412041,5,205520896,97.0149,0,0,0,0,272629760,136314880,0.982552,99.9298,0,4982833152,0,1694498816,272629760,725614592,306184192,6291456,254148608,0,2,10.293,0,0,2,1,1,6,22.7506,100,98.2207,1024,0,32,0,22
directCoulombSum,9761,2097152,64,16,4,1,8,4,1,0,1,6,2227426,42333376,6,155190040,138412041,4,205520896,92.8571,0,0,0,0,272629760,136314880,0.98064,99.8286,0,4982833152,0,2634022912,272629760,1128267776,574619648,6291456,304480256,0,2,9.401,0,0,2,1,1,7,23.867,100,98.5149,1024,0,32,0,23
directCoulombSum,1680,1048576,64,16,4,1,16,0,0,0,1,4,2097190,2068491,1,4194728,2097161,4,35651584,0,0,0,0,0,0,0,0.974922,100.115,0,4580179968,0,515899392,67108864,100663296,46137344,3145728,166166528,0,7,50.0122,0,0,8,1,1,2,70.354,100,99.9211,1024,0,0,0,32
directCoulombSum,3152,1048576,64,16,4,1,16,0,1,0,1,2,2097190,2068523,1,10485808,2097161,3,35651584,0,0,0,0,0,0,0,0.742497,100.667,0,4580179968,0,918552576,67108864,301989888,790626304,3145728,208306176,0,5,26.4372,0,0,4,1,1,3,50.7489,100,99.9371,1024,0,0,0,40
directCoulombSum,29181,1048576,64,16,4,1,16,1,0,0,1,7,33468182,126353567,2,140509904,138412041,2,171966464,97.7444,0,0,0,0,272629760,136314880,0.945511,99.8056,0,4647288832,0,3758096384,1075838976,2269118464,161480704,3145728,374603776,0,1,2.84138,0,0,1,1,1,2,8.30604,100,99.3964,1024,0,64,0,15
directCoulombSum,29229,1048576,64,16,4,1,16,1,1,0,1,7,33798962,126184284,2,146800688,138412041,2,171966464,95.5882,0,0,0,0,272629760,136314880,0.946493,99.9651,0,4647288832,0,4227858432,1075838976,2470445056,295698432,3145728,399769600,0,1,2.84777,0,0,1,1,1,2,8.81013,100,99.4344,1024,0,64,0,19
directCoulombSum,28761,1048576,64,16,4,1,16,2,0,0,1,8,38077614,130838384,2,140509768,138412041,2,171966464,97.7444,0,0,0,0,272629760,136314880,0.972347,100.145,0,4647288832,0,2147483648,538968064,1195376640,161480704,3145728,273940480,0,1,2.89218,0,0,1,1,1,2,6.87271,100,99.1746,1024,0,64,0,20
directCoulombSum,28760,1048576,64,16,4,1,16,2,1,0,1,8,37880030,130639641,2,146800712,138412169,2,171966464,95.5882,0,0,0,0,272629760,136314880,0.970173,99.8449,0,4647288832,0,2617245696,538968064,1396703232,295698432,3145728,299106304,0,1,2.89469,0,0,1,1,1,2,7.40793,100,99.2441,1024,0,64,0,21
directCoulombSum,28245,1048576,64,16,4,1,16,4,0,0,1,8,36687874,129859180,2,140509608,138412041,2,171966464,97.7444,0,0,0,0,272629760,136314880,0.985207,99.8666,0,4647288832,0,1342177280,270532608,658505728,161480704,3145728,223608832,0,1,2.93901,0,0,1,1,1,2,6.21192,100,98.9889,1024,0,64,0,22
directCoulombSum,28222,1048576,64,16,4,1,16,4,1,0,1,8,36002802,129431563,2,146802040,138412041,2,171966464,95.5882,0,0,0,0,272629760,136314880,0.983051,100.054,0,4647288832,0,1811939328,270532608,859832320,295698432,3145728,248774656,0,1,2.95788,0,0,1,1,1,2,6.77007,100,99.0911,1024,0,64,0,23
directCoulombSum,24931,1048576,64,16,4,1,16,8,0,0,1,8,26895421,118057846,2,140509992,138412041,2,171966464,97.7444,0,0,0,0,272629760,136314880,0.967152,99.4175,0,4647288832,0,939524096,136314880,658505728,161480704,3145728,206831616,0,1,3.32329,0,0,1,1,1,3,6.15684,100,98.9068,1024,0,64,0,31
directCoulombSum,24347,1048576,64,16,4,1,16,8,1,0,1,8,23707579,114659054,2,146801552,138412041,2,171966464,95.5882,0,0,0,0,272629760,136314880,0.942364,99.0761,0,4647288832,0,1409286144,136314880,859832320,295698432,3145728,231997440,0,1,3.43223,0,0,1,1,1,3,7.31332,100,99.0254,1024,0,64,0,32
directCoulombSum,1644,524288,64,16,4,1,32,0,0,0,1,4,2097190,2068507,1,3145928,2097161,3,18874368,0,0,0,0,0,0,0,0.608493,100.119,0,4445962240,0,408944640,33554432,67108864,38797312,1572864,156188672,0,7,48.6809,0,0,8,1,1,1,68.6184,100,99.958,1024,0,0,0,48
directCoulombSum,2058,524288,64,16,4,1,32,0,1,0,1,3,2097190,2068507,1,6291864,2097161,2,18874368,0,0,0,0,0,0,0,0.603965,99.7095,0,4445962240,0,643825664,33554432,167772160,72351744,1572864,167723008,0,6,38.6752,0,0,6,1,1,2,59.8031,100,99.9609,1024,0,0,0,48
directCoulombSum,37981,524288,64,16,4,1,32,1,0,0,1,7,95648799,110693054,2,139461664,138412041,1,155189248,98.1132,0,0,0,0,272629760,136314880,0.791338,97.2842,0,4479516672,0,3581935616,1074790400,2235564032,89128960,1572864,359333888,0,1,2.09153,0,0,1,1,1,2,6.24246,100,99.6854,1024,0,128,0,15
directCoulombSum,37890,524288,64,16,4,1,32,1,1,0,1,7,90805813,108201632,2,142606560,138412041,1,155189248,97.0149,0,0,0,0,272629760,136314880,0.817812,103.761,0,4479516672,0,3816816640,1074790400,2336227328,156237824,1572864,371916800,0,1,2.13716,0,0,1,1,1,2,6.16348,100,99.696,1024,0,128,0,19
directCoulombSum,43758,524288,64,16,4,1,32,2,0,0,1,8,134803790,136473954,2,139462224,138412041,1,155189248,98.1132,0,0,0,0,272629760,136314880,0.964997,99.1977,0,4479516672,0,1971322880,537919488,1161822208,89128960,1572864,258670592,0,1,1.79623,0,0,1,1,1,2,4.23235,100,99.563,1024,0,128,0,20
directCoulombSum,43847,524288,64,16,4,1,32,2,1,0,1,8,134356309,136180090,2,142607408,138412089,1,155189248,97.0149,0,0,0,0,272629760,136314880,0.963137,99.2932,0,4479516672,0,2206203904,537919488,1262485504,156237824,1572864,271253504,0,1,1.80265,0,0,1,1,1,2,4.40535,100,99.5832,1024,0,128,0,21
directCoulombSum,44056,524288,64,16,4,1,32,4,0,0,1,8,136099946,137440624,2,139462416,138412041,1,155189248,98.1132,0,0,0,0,272629760,136314880,0.988667,99.3395,0,4479516672,0,1166016512,269484032,624951296,89128960,1572864,208338944,0,1,1.78639,0,0,1,1,1,2,3.69365,100,99.4574,1024,0,128,0,22
directCoulombSum,44094,524288,64,16,4,1,32,4,1,0,1,8,136001814,137530926,2,142606688,138412169,1,155189248,97.0149,0,0,0,0,272629760,136314880,0.988182,99.484,0,4479516672,0,1400897536,269484032,725614592,156237824,1572864,220921856,0,1,1.78791,0,0,1,1,1,2,3.8611,100,99.4883,1024,0,128,0,23
directCoulombSum,43850,524288,64,16,4,1,32,8,0,0,1,8,134484594,137074737,2,139462368,138412169,1,155189248,98.1132,0,0,0,0,272629760,136314880,0.979611,99.6133,0,4479516672,0,763363328,135266304,624951296,89128960,1572864,191561728,0,1,1.79485,0,0,1,1,1,2,3.19064,100,99.4099,1024,0,128,0,31
directCoulombSum,43804,524288,64,16,4,1,32,8,1,0,1,8,134379165,137029950,2,142607936,138412169,1,155189248,97.0149,0,0,0,0,272629760,136314880,0.976148,99.5883,0,4479516672,0,998244352,135266304,725614592,156237824,1572864,204144640,0,1,1.79603,0,0,1,1,1,2,3.53329,100,99.4462,1024,0,128,0,32
directCoulombSum,43361,524288,64,16,4,1,32,16,0,0,1,8,131976925,135674003,2,139461344,138412169,1,155189248,98.1132,0,0,0,0,272629760,136314880,0.977892,99.6244,0,4479516672,0,562036736,68157440,624951296,256901120,1572864,188416000,0,1,1.81754,0,0,1,1,1,2,3.41434,100,99.4,1024,0,128,0,32
directCoulombSum,43392,524288,64,16,4,1,32,16,1,0,1,8,132322668,135827017,2,142608016,138412041,1,155189248,97.0149,0,0,0,0,272629760,136314880,0.977312,99.6921,0,4479516672,0,796917760,68157440,725614592,324009984,1572864,200998912,0,1,1.81642,0,0,1,1,1,2,3.49585,100,99.4376,1024,0,128,0,32
directCoulombSum,10772,16777216,128,16,8,1,1,0,0,0,1,1,2097214,2068507,1,35651760,2097161,9,538968064,0,0,0,0,0,0,0,0.963749,99.8858,0,8606711808,0,889192448,117440512,1107296256,1040187392,50331648,372244480,0,3,18.0354,0,0,2,1,1,3,26.012,100,99.1549,1024,0,0,0,32
directCoulombSum,42245,16777216,128,16,8,1,1,0,1,0,1,1,2097910,2068507,1,136315976,2097161,3,538968064,0,0,0,0,0,0,0,0.920858,100.002,0,8606711808,0,3724541952,285212672,4328521728,1610612736,50331648,584056832,0,1,4.57902,0,0,1,1,1,3,9.19176,100,99.5512,1024,0,0,0,32
directCoulombSum,5531,8388608,128,16,8,1,2,0,0,0,1,1,2097190,2068503,1,18874416,2097161,9,270532608,0,0,0,0,0,0,0,0.956894,100.017,0,6459228160,0,872415232,142606336,570425344,285212672,25165824,262406144,0,4,24.441,0,0,3,1,1,3,34.6868,100,99.5005,1024,0,0,0,29
directCoulombSum,21310,8388608,128,16,8,1,2,0,1,0,1,1,2097214,2068507,1,69206088,2097161,3,270532608,0,0,0,0,0,0,0,0.931874,100.048,0,6459228160,0,1962934272,142606336,2181038080,1073741824,25165824,371458048,0,1,6.29729,0,0,1,1,1,3,11.0293,100,99.6471,1024,0,0,0,32
directCoulombSum,11161,8388608,128,16,8,1,2,1,0,0,1,1,2097190,2076693,5,155189448,138412041,7,406847488,92.8571,0,0,0,0,272629760,136314880,0.980505,99.9857,0,6996099072,0,6224347136,1090519040,2743074816,1182793728,25165824,588775424,0,4,12.8581,0,0,2,1,1,6,39.0879,100,96.9279,1024,0,8,0,16
directCoulombSum,24492,8388608,128,16,8,1,2,1,1,0,1,1,2097286,2076633,3,205521040,138412041,3,406847488,79.2683,0,0,0,0,272629760,136314880,0.991565,99.9336,0,6996099072,0,9982443520,1090519040,4353687552,2256535552,25165824,790102016,0,2,5.81107,0,0,1,1,1,4,22.5633,100,97.7107,1024,0,8,0,19
directCoulombSum,2993,4194304,128,16,8,1,4,0,0,0,1,2,2097214,2068471,1,10485840,2097161,9,136314880,0,0,0,0,0,0,0,0.974011,100.177,0,5385486336,0,541065216,71303168,301989888,163577856,12582912,203030528,0,5,35.3639,0,0,5,1,1,3,49.3372,100,99.6772,1024,0,0,0,32
directCoulombSum,10950,4194304,128,16,8,1,4,0,1,0,1,1,2097494,2068507,1,35652608,2097161,3,136314880,0,0,0,0,0,0,0,0.977859,99.9539,0,5385486336,0,1073741824,71303168,1107296256,696254464,12582912,261488640,0,2,9.56283,0,0,2,1,1,3,15.3957,100,99.7494,1024,0,0,0,32
directCoulombSum,9303,4194304,128,16,8,1,4,1,0,0,1,1,2097190,4358649,6,146800688,138412169,6,272629760,95.5882,0,0,0,0,272629760,136314880,0.988577,100.268,0,5653921792,0,4815060992,1082130432,2470445056,595591168,12582912,466223104,0,4,11.8197,0,0,2,1,1,7,35.2136,100,98.0602,1024,0,16,0,15
directCoulombSum,14144,4194304,128,16,8,1,4,1,1,0,1,1,2097942,4949486,4,171967264,138412041,4,272629760,87.8378,0,0,0,0,272629760,136314880,0.987321,99.9062,0,5653921792,0,6694109184,1082130432,3275751424,1132462080,12582912,566886400,0,3,7.72229,0,0,1,1,1,6,27.345,100,98.4046,1024,0,16,0,19
directCoulombSum,8400,4194304,128,16,8,1,4,2,0,0,1,1,2097926,4152154,6,146801432,138412041,6,272629760,95.5882,0,0,0,0,272629760,136314880,0.989195,99.9854,0,5653921792,0,3204448256,545259520,1396703232,595591168,12582912,365559808,0,3,13.0801,0,0,2,1,1,7,33.6769,100,97.526,1024,0,16,0,20
directCoulombSum,14088,4194304,128,16,8,1,4,2,1,0,1,1,2097462,4292637,4,171966944,138412041,4,272629760,87.8378,0,0,0,0,272629760,136314880,0.992358,99.876,0,5653921792,0,5083496448,545259520,2202009600,1132462080,12582912,466223104,0,3,7.74592,0,0,1,1,1,6,24.2347,100,98.0602,1024,0,16,0,21
directCoulombSum,2022,2097152,128,16,8,1,8,0,0,0,1,3,2097190,2068423,1,6291688,2097161,7,69206016,0,0,0,0,0,0,0,0.978964,99.9566,0,4848615424,0,362807296,35651584,167772160,174063616,6291456,175177728,0,6,44.6481,0,0,6,1,1,2,61.5796,100,99.8129,1024,0,0,0,32
directCoulombSum,5704,2097152,128,16,8,1,8,0,1,0,1,1,2097190,2068499,1,18874536,2097161,3,69206016,0,0,0,0,0,0,0,0.985691,100.046,0,4848615424,0,629145600,35651584,570425344,306184192,6291456,200212480,0,3,15.7529,0,0,3,1,1,3,23.6502,100,99.8363,1024,0,0,0,32
directCoulombSum,10068,2097152,128,16,8,1,8,1,0,0,1,6,2236850,40995404,5,142606864,138412041,4,205520896,97.0149,0,0,0,0,272629760,136314880,0.970459,99.8109,0,4982833152,0,4110417920,1077936128,2336227328,306184192,6291456,405143552,0,3,9.16125,0,0,2,1,1,6,26.9997,100,98.8839,1024,0,32,0,15
directCoulombSum,10720,2097152,128,16,8,1,8,1,1,0,1,6,2245998,43655797,5,155189296,138412041,4,205520896,92.8571,0,0,0,0,272629760,136314880,0.974817,99.8911,0,4982833152,0,5049942016,1077936128,2738880512,574619648,6291456,455475200,0,3,8.63477,0,0,2,1,1,6,28.2429,100,99.0072,1024,0,32,0,19
directCoulombSum,9264,2097152,128,16,8,1,8,2,0,0,1,6,2239138,42138451,6,142606888,138412041,4,205520896,97.0149,0,0,0,0,272629760,136314880,0.971374,99.8758,0,4982833152,0,2499805184,541065216,1262485504,306184192,6291456,304480256,0,3,9.99618,0,0,2,1,1,6,24.5515,100,98.5149,1024,0,32,0,20
directCoulombSum,10036,2097152,128,16,8,1,8,2,1,0,1,6,2256114,45517298,5,155190608,138412041,4,205520896,92.8571,0,0,0,0,272629760,136314880,0.976062,99.9779,0,4982833152,0,3439329280,541065216,1665138688,574619648,6291456,354811904,0,3,9.25427,0,0,2,1,1,7,25.7208,100,98.7255,1024,0,32,0,21
directCoulombSum,8901,2097152,128,16,8,1,8,4,0,0,1,6,2221690,39560133,6,142606904,138412041,5,205520896,97.0149,0,0,0,0,272629760,136314880,0.980533,99.6784,0,4982833152,0,1694498816,272629760,725614592,306184192,6291456,254148608,0,2,10.3708,0,0,2,1,1,6,22.9802,100,98.2207,1024,0,32,0,22
directCoulombSum,9762,2097152,128,16,8,1,8,4,1,0,1,6,2227350,42185245,6,155190376,138412041,4,205520896,92.8571,0,0,0,0,272629760,136314880,0.978867,99.9046,0,4982833152,0,2634022912,272629760,1128267776,574619648,6291456,304480256,0,2,9.46256,0,0,2,1,1,7,24.0051,100,98.5149,1024,0,32,0,23
directCoulombSum,1710,1048576,128,16,8,1,16,0,0,0,1,4,2097190,2068491,1,4194408,2097161,4,35651584,0,0,0,0,0,0,0,0.970132,100.152,0,4580179968,0,515899392,67108864,100663296,46137344,3145728,166166528,0,7,48.9367,0,0,8,1,1,2,68.8167,100,99.9211,1024,0,0,0,32
directCoulombSum,3154,1048576,128,16,8,1,16,0,1,0,1,2,2097318,2068507,1,10485936,2097161,3,35651584,0,0,0,0,0,0,0,0.740473,99.34,0,4580179968,0,918552576,67108864,301989888,790626304,3145728,208306176,0,5,26.5751,0,0,4,1,1,3,51.6952,100,99.9371,1024,0,0,0,40
directCoulombSum,29268,1048576,128,16,8,1,16,1,0,0,1,7,33458406,126447297,2,140509760,138412041,2,171966464,97.7444,0,0,0,0,272629760,136314880,0.945106,99.692,0,4647288832,0,3758096384,1075838976,2269118464,161480704,3145728,374603776,0,1,2.84587,0,0,1,1,1,2,8.32867,100,99.3964,1024,0,64,0,15
directCoulombSum,29314,1048576,128,16,8,1,16,1,1,0,1,7,32963846,125933833,2,146801704,138412041,2,171966464,95.5882,0,0,0,0,272629760,136314880,0.94584,100.133,0,4647288832,0,4227858432,1075838976,2470445056,295698432,3145728,399769600,0,1,2.86048,0,0,1,1,1,2,8.83466,100,99.4344,1024,0,64,0,19
directCoulombSum,28772,1048576,128,16,8,1,16,2,0,0,1,8,37632928,130784297,2,140510424,138412041,2,171966464,97.7444,0,0,0,0,272629760,136314880,0.971641,99.6943,0,4647288832,0,2147483648,538968064,1195376640,161480704,3145728,273940480,0,1,2.89251,0,0,1,1,1,2,6.90465,100,99.1746,1024,0,64,0,20
directCoulombSum,28721,1048576,128,16,8,1,16,2,1,0,1,8,37390846,130567923,2,146800736,138412041,2,171966464,95.5882,0,0,0,0,272629760,136314880,0.970164,99.8445,0,4647288832,0,2617245696,538968064,1396703232,295698432,3145728,299106304,0,1,2.90054,0,0,1,1,1,2,7.42297,100,99.2441,1024,0,64,0,21
directCoulombSum,28310,1048576,128,16,8,1,16,4,0,0,1,8,36467426,129788098,2,140510624,138412041,2,171966464,97.7444,0,0,0,0,272629760,136314880,0.984517,99.845,0,4647288832,0,1342177280,270532608,658505728,161480704,3145728,223608832,0,1,2.93935,0,0,1,1,1,2,6.21403,100,98.9889,1024,0,64,0,22
directCoulombSum,28172,1048576,128,16,8,1,16,4,1,0,1,8,35979246,129626279,2,146801352,138412041,2,171966464,95.5882,0,0,0,0,272629760,136314880,0.982175,99.809,0,4647288832,0,1811939328,270532608,859832320,295698432,3145728,248774656,0,1,2.95085,0,0,1,1,1,2,6.7706,100,99.0911,1024,0,64,0,23
directCoulombSum,25157,1048576,128,16,8,1,16,8,0,0,1,8,26679274,117995208,2,140509944,138412041,2,171966464,97.7444,0,0,0,0,272629760,136314880,0.968724,100.055,0,4647288832,0,939524096,136314880,658505728,161480704,3145728,206831616,0,1,3.33056,0,0,1,1,1,3,6.13108,100,98.9068,1024,0,64,0,31
directCoulombSum,24331,1048576,128,16,8,1,16,8,1,0,1,8,23964934,115287690,2,146802424,138412041,2,171966464,95.5882,0,0,0,0,272629760,136314880,0.949926,100.304,0,4647288832,0,1409286144,136314880,859832320,295698432,3145728,231997440,0,1,3.43291,0,0,1,1,1,3,7.2253,100,99.0254,1024,0,64,0,32
directCoulombSum,1674,524288,128,16,8,1,32,0,0,0,1,4,2097190,2068507,1,3145776,2097161,3,18874368,0,0,0,0,0,0,0,0.603774,99.8517,0,4445962240,0,408944640,33554432,67108864,38797312,1572864,156188672,0,7,47.6123,0,0,8,1,1,1,67.2919,100,99.958,1024,0,0,0,48
directCoulombSum,2093,524288,128,16,8,1,32,0,1,0,1,3,2097190,2068507,1,6291504,2097161,2,18874368,0,0,0,0,0,0,0,0.599593,99.6691,0,4445962240,0,643825664,33554432,167772160,72351744,1572864,167723008,0,6,38.1052,0,0,6,1,1,2,58.9451,100,99.9609,1024,0,0,0,48
directCoulombSum,38450,524288,128,16,8,1,32,1,0,0,1,7,96653933,111503002,2,139461664,138412041,1,155189248,98.1132,0,0,0,0,272629760,136314880,0.823712,100.793,0,4479516672,0,3581935616,1074790400,2235564032,89128960,1572864,359333888,0,1,2.06299,0,0,1,1,1,2,5.94299,100,99.6854,1024,0,128,0,15
directCoulombSum,39647,524288,128,16,8,1,32,1,1,0,1,7,95040353,110255091,2,142606736,138412041,1,155189248,97.0149,0,0,0,0,272629760,136314880,0.818202,101.092,0,4479516672,0,3816816640,1074790400,2336227328,156237824,1572864,371916800,0,1,2.08936,0,0,1,1,1,2,6.18481,100,99.696,1024,0,128,0,19
directCoulombSum,44004,524288,128,16,8,1,32,2,0,0,1,8,135021882,136670826,2,139460856,138412041,1,155189248,98.1132,0,0,0,0,272629760,136314880,0.969605,99.4954,0,4479516672,0,1971322880,537919488,1161822208,89128960,1572864,258670592,0,1,1.79147,0,0,1,1,1,2,4.20852,100,99.563,1024,0,128,0,20
directCoulombSum,43815,524288,128,16,8,1,32,2,1,0,1,8,135218772,136699736,2,142607056,138412041,1,155189248,97.0149,0,0,0,0,272629760,136314880,0.969106,99.2203,0,4479516672,0,2206203904,537919488,1262485504,156237824,1572864,271253504,0,1,1.79035,0,0,1,1,1,2,4.37852,100,99.5832,1024,0,128,0,21
directCoulombSum,44028,524288,128,16,8,1,32,4,0,0,1,8,136028943,137508492,2,139461296,138412041,1,155189248,98.1132,0,0,0,0,272629760,136314880,0.987885,99.4217,0,4479516672,0,1166016512,269484032,624951296,89128960,1572864,208338944,0,1,1.78659,0,0,1,1,1,2,3.69103,100,99.4574,1024,0,128,0,22
directCoulombSum,44057,524288,128,16,8,1,32,4,1,0,1,8,135859413,137468664,2,142606392,138412169,1,155189248,97.0149,0,0,0,0,272629760,136314880,0.986914,99.4534,0,4479516672,0,1400897536,269484032,725614592,156237824,1572864,220921856,0,1,1.78816,0,0,1,1,1,2,3.86287,100,99.4883,1024,0,128,0,23
directCoulombSum,43887,524288,128,16,8,1,32,8,0,0,1,8,134433607,136955046,2,139461680,138412041,1,155189248,98.1132,0,0,0,0,272629760,136314880,0.98022,99.7022,0,4479516672,0,763363328,135266304,624951296,89128960,1572864,191561728,0,1,1.79545,0,0,1,1,1,2,3.18888,100,99.4099,1024,0,128,0,31
directCoulombSum,43853,524288,128,16,8,1,32,8,1,0,1,8,134214684,137125860,2,142606608,138412041,1,155189248,97.0149,0,0,0,0,272629760,136314880,0.976346,99.6951,0,4479516672,0,998244352,135266304,725614592,156237824,1572864,204144640,0,1,1.79727,0,0,1,1,1,2,3.53198,100,99.4462,1024,0,128,0,32
directCoulombSum,43382,524288,128,16,8,1,32,16,0,0,1,8,132398348,135902255,2,139461328,138412041,1,155189248,98.1132,0,0,0,0,272629760,136314880,0.981325,99.6683,0,4479516672,0,562036736,68157440,624951296,256901120,1572864,188416000,0,1,1.81399,0,0,1,1,1,2,3.40619,100,99.4,1024,0,128,0,32
directCoulombSum,43430,524288,128,16,8,1,32,16,1,0,1,8,132444015,135973960,2,142608208,138412041,1,155189248,97.0149,0,0,0,0,272629760,136314880,0.979691,99.4991,0,4479516672,0,796917760,68157440,725614592,324009984,1572864,200998912,0,1,1.81435,0,0,1,1,1,2,3.49867,100,99.4376,1024,0,128,0,32
directCoulombSum,10624,16777216,64,32,2,1,1,0,0,0,1,1,2097526,2064431,1,35651968,2097161,10,538968064,0,0,0,0,0,0,0,0.955935,99.9756,0,8606711808,0,889192448,117440512,1107296256,1040187392,50331648,372244480,0,3,18.3287,0,0,2,1,1,3,26.4112,100,99.1549,1024,0,0,0,32
directCoulombSum,42184,16777216,64,32,2,1,1,0,1,0,1,1,2097190,2064443,1,136314928,2097161,3,538968064,0,0,0,0,0,0,0,0.924089,100.004,0,8606711808,0,3724541952,285212672,4328521728,1610612736,50331648,584056832,0,1,4.58592,0,0,1,1,1,3,9.20538,100,99.5512,1024,0,0,0,32
directCoulombSum,5349,8388608,64,32,2,1,2,0,0,0,1,1,2097190,2064423,1,18874432,2097161,10,270532608,0,0,0,0,0,0,0,0.952799,99.9325,0,6459228160,0,872415232,142606336,570425344,285212672,25165824,262406144,0,4,25.3207,0,0,3,1,1,3,35.9656,100,99.5005,1024,0,0,0,29
directCoulombSum,21247,8388608,64,32,2,1,2,0,1,0,1,1,2097190,2064431,1,69206064,2097161,3,270532608,0,0,0,0,0,0,0,0.961821,100.004,0,6459228160,0,1962934272,142606336,2181038080,1073741824,25165824,371458048,0,1,6.31238,0,0,1,1,1,3,11.0605,100,99.6471,1024,0,0,0,32
directCoulombSum,10856,8388608,64,32,2,1,2,1,0,0,1,1,2097206,2073779,5,155189576,138412041,7,406847488,92.8571,0,0,0,0,272629760,136314880,0.981092,99.8901,0,6996099072,0,6224347136,1090519040,2743074816,1182793728,25165824,588775424,0,4,13.2478,0,0,2,1,1,6,40.311,100,96.9279,1024,0,8,0,16
directCoulombSum,24352,8388608,64,32,2,1,2,1,1,0,1,1,2097494,2073759,3,205521304,138412041,3,406847488,79.2683,0,0,0,0,272629760,136314880,0.991746,99.8688,0,6996099072,0,9982443520,1090519040,4353687552,2256535552,25165824,790102016,0,2,5.84468,0,0,1,1,1,4,22.7085,100,97.7107,1024,0,8,0,19
directCoulombSum,2697,4194304,64,32,2,1,4,0,0,0,1,2,2097646,2064419,1,10486264,2097161,10,136314880,0,0,0,0,0,0,0,0.981338,99.6428,0,5385486336,0,541065216,71303168,301989888,163577856,12582912,203030528,0,6,39.2457,0,0,5,1,1,3,55.0461,100,99.6772,1024,0,0,0,32
directCoulombSum,10714,4194304,64,32,2,1,4,0,1,0,1,1,2097422,2064435,1,35652112,2097289,3,136314880,0,0,0,0,0,0,0,0.977022,99.9776,0,5385486336,0,1073741824,71303168,1107296256,696254464,12582912,261488640,0,2,9.75773,0,0,2,1,1,3,15.7057,100,99.7494,1024,0,0,0,32
directCoulombSum,8980,4194304,64,32,2,1,4,1,0,0,1,1,2097214,4345098,6,146800712,138412041,6,272629760,95.5882,0,0,0,0,272629760,136314880,0.989937,99.9988,0,5653921792,0,4815060992,1082130432,2470445056,595591168,12582912,466223104,0,4,12.2264,0,0,2,1,1,7,36.5232,100,98.0602,1024,0,16,0,15
directCoulombSum,14017,4194304,64,32,2,1,4,1,1,0,1,1,2097190,4838028,4,171966760,138412041,4,272629760,87.8378,0,0,0,0,272629760,136314880,0.987492,100.118,0,5653921792,0,6694109184,1082130432,3275751424,1132462080,12582912,566886400,0,3,7.79297,0,0,1,1,1,6,27.537,100,98.4046,1024,0,16,0,19
directCoulombSum,8240,4194304,64,32,2,1,4,2,0,0,1,1,2097190,4047025,6,146800688,138412041,6,272629760,95.5882,0,0,0,0,272629760,136314880,0.990877,99.8814,0,5653921792,0,3204448256,545259520,1396703232,595591168,12582912,365559808,0,3,13.3415,0,0,2,1,1,7,34.3858,100,97.526,1024,0,16,0,20
directCoulombSum,13918,4194304,64,32,2,1,4,2,1,0,1,1,2097830,4206176,4,171967496,138412169,4,272629760,87.8378,0,0,0,0,272629760,136314880,0.993372,99.792,0,5653921792,0,5083496448,545259520,2202009600,1132462080,12582912,466223104,0,3,7.85111,0,0,1,1,1,6,24.5845,100,98.0602,1024,0,16,0,21
directCoulombSum,1508,2097152,64,32,2,1,8,0,0,0,1,4,2097318,2064435,1,6291872,2097161,9,69206016,0,0,0,0,0,0,0,0.978016,99.7545,0,4848615424,0,362807296,35651584,167772160,174063616,6291456,175177728,0,8,61.0545,0,0,9,1,1,3,84.3785,100,99.8129,1024,0,0,0,32
directCoulombSum,5400,2097152,64,32,2,1,8,0,1,0,1,1,2097190,2064451,1,18874416,2097161,3,69206016,0,0,0,0,0,0,0,0.989804,99.4969,0,4848615424,0,629145600,35651584,570425344,306184192,6291456,200212480,0,3,16.7381,0,0,3,1,1,3,25.2676,100,99.8363,1024,0,0,0,32
directCoulombSum,9390,2097152,64,32,2,1,8,1,0,0,1,6,2180158,39646383,6,142606384,138412041,4,205520896,97.0149,0,0,0,0,272629760,136314880,0.980609,100.011,0,4982833152,0,4110417920,1077936128,2336227328,306184192,6291456,405143552,0,3,9.91296,0,0,2,1,1,6,29.1566,100,98.8839,1024,0,32,0,15
directCoulombSum,10117,2097152,64,32,2,1,8,1,1,0,1,6,2183958,42970705,5,155189392,138412041,4,205520896,92.8571,0,0,0,0,272629760,136314880,0.983697,99.7453,0,4982833152,0,5049942016,1077936128,2738880512,574619648,6291456,455475200,0,3,9.15994,0,0,2,1,1,7,30.0044,100,99.0072,1024,0,32,0,19
directCoulombSum,8630,2097152,64,32,2,1,8,2,0,0,1,7,2180826,41760761,6,142606400,138412041,5,205520896,97.0149,0,0,0,0,272629760,136314880,0.975563,99.8966,0,4982833152,0,2499805184,541065216,1262485504,306184192,6291456,304480256,0,3,10.7532,0,0,2,1,1,7,26.4051,100,98.5149,1024,0,32,0,20
directCoulombSum,9525,2097152,64,32,2,1,8,2,1,0,1,7,2190382,45714973,6,155189296,138412041,4,205520896,92.8571,0,0,0,0,272629760,136314880,0.981099,99.8788,0,4982833152,0,3439329280,541065216,1665138688,574619648,6291456,354811904,0,3,9.72936,0,0,2,1,1,7,27.0679,100,98.7255,1024,0,32,0,21
directCoulombSum,8327,2097152,64,32,2,1,8,4,0,0,1,7,2166830,38980311,6,142607192,138412089,5,205520896,97.0149,0,0,0,0,272629760,136314880,0.983486,99.8964,0,4982833152,0,1694498816,272629760,725614592,306184192,6291456,254148608,0,2,11.1132,0,0,2,1,1,7,24.5714,100,98.2207,1024,0,32,0,22
directCoulombSum,9368,2097152,64,32,2,1,8,4,1,0,1,6,2168114,41711231,6,155189296,138412041,4,205520896,92.8571,0,0,0,0,272629760,136314880,0.982196,99.7271,0,4982833152,0,2634022912,272629760,1128267776,574619648,6291456,304480256,0,3,9.87279,0,0,2,1,1,7,25.0903,100,98.5149,1024,0,32,0,23
directCoulombSum,1526,1048576,64,32,2,1,16,0,0,0,1,4,2097190,2064423,1,4194528,2097161,5,35651584,0,0,0,0,0,0,0,0.975059,99.7364,0,4580179968,0,515899392,67108864,100663296,46137344,3145728,166166528,0,8,55.0352,0,0,9,1,1,2,77.7137,100,99.9211,1024,0,0,0,32
directCoulombSum,2767,1048576,64,32,2,1,16,0,1,0,1,2,2097670,2064663,1,10486528,2097161,3,35651584,0,0,0,0,0,0,0,0.741134,98.5925,0,4580179968,0,918552576,67108864,301989888,790626304,3145728,208306176,0,6,29.5738,0,0,5,1,1,3,57.9644,100,99.9371,1024,0,0,0,40
directCoulombSum,28221,1048576,64,32,2,1,16,1,0,0,1,7,30292712,124656245,2,140511000,138412041,2,171966464,97.7444,0,0,0,0,272629760,136314880,0.94592,100.279,0,4647288832,0,3758096384,1075838976,2269118464,161480704,3145728,374603776,0,1,2.96665,0,0,1,1,1,2,8.63126,100,99.3964,1024,0,64,0,15
directCoulombSum,28144,1048576,64,32,2,1,16,1,1,0,1,7,30397091,124766755,2,146801440,138412041,2,171966464,95.5882,0,0,0,0,272629760,136314880,0.94602,99.9765,0,4647288832,0,4227858432,1075838976,2470445056,295698432,3145728,399769600,0,1,2.9606,0,0,1,1,1,2,9.1581,100,99.4344,1024,0,64,0,19
directCoulombSum,28193,1048576,64,32,2,1,16,2,0,0,1,8,35897306,129988480,2,140509528,138412041,2,171966464,97.7444,0,0,0,0,272629760,136314880,0.97204,99.6335,0,4647288832,0,2147483648,538968064,1195376640,161480704,3145728,273940480,0,1,2.96052,0,0,1,1,1,2,7.07123,100,99.1746,1024,0,64,0,20
directCoulombSum,28039,1048576,64,32,2,1,16,2,1,0,1,8,35686822,129926495,2,146801544,138412041,2,171966464,95.5882,0,0,0,0,272629760,136314880,0.970884,99.9692,0,4647288832,0,2617245696,538968064,1396703232,295698432,3145728,299106304,0,1,2.96794,0,0,1,1,1,2,7.58594,100,99.2441,1024,0,64,0,21
directCoulombSum,27488,1048576,64,32,2,1,16,4,0,0,1,8,34238834,128503095,2,140509344,138412041,2,171966464,97.7444,0,0,0,0,272629760,136314880,0.984392,100.014,0,4647288832,0,1342177280,270532608,658505728,161480704,3145728,223608832,0,1,3.0246,0,0,1,1,1,2,6.38339,100,98.9889,1024,0,64,0,22
directCoulombSum,27347,1048576,64,32,2,1,16,4,1,0,1,8,33428362,128339852,2,146800688,138412041,2,171966464,95.5882,0,0,0,0,272629760,136314880,0.982238,99.9639,0,4647288832,0,1811939328,270532608,859832320,295698432,3145728,248774656,0,1,3.04185,0,0,1,1,1,3,6.96853,100,99.0911,1024,0,64,0,23
directCoulombSum,24395,1048576,64,32,2,1,16,8,0,0,1,8,25225690,116840419,2,140509448,138412041,2,171966464,97.7444,0,0,0,0,272629760,136314880,0.966102,98.9603,0,4647288832,0,939524096,136314880,658505728,161480704,3145728,206831616,0,1,3.41311,0,0,1,1,1,3,6.35245,100,98.9068,1024,0,64,0,31
directCoulombSum,23331,1048576,64,32,2,1,16,8,1,0,1,8,21307206,112586174,3,146800688,138412041,2,171966464,95.5882,0,0,0,0,272629760,136314880,0.944808,100.897,0,4647288832,0,1409286144,136314880,859832320,295698432,3145728,231997440,0,1,3.58805,0,0,1,1,1,3,7.50732,100,99.0254,1024,0,64,0,32
directCoulombSum,1537,524288,64,32,2,1,32,0,0,0,1,4,2097190,2064419,1,3145776,2097161,3,18874368,0,0,0,0,0,0,0,0.607423,99.738,0,4445962240,0,408944640,33554432,67108864,38797312,1572864,156188672,0,8,52.0614,0,0,8,1,1,1,73.6632,100,99.958,1024,0,0,0,48
directCoulombSum,1894,524288,64,32,2,1,32,0,1,0,1,3,2097422,2064907,1,6291752,2097161,2,18874368,0,0,0,0,0,0,0,0.604279,100.092,0,4445962240,0,643825664,33554432,167772160,72351744,1572864,167723008,0,7,42.1293,0,0,7,1,1,2,64.8953,100,99.9609,1024,0,0,0,48
directCoulombSum,34352,524288,64,32,2,1,32,1,0,0,1,8,93529437,110056550,2,139460656,138412041,1,155189248,98.1132,0,0,0,0,272629760,136314880,0.778958,94.0236,0,4479516672,0,3581935616,1074790400,2235564032,89128960,1572864,359333888,0,1,2.11427,0,0,1,1,1,2,6.52914,100,99.6854,1024,0,128,0,15
directCoulombSum,36153,524288,64,32,2,1,32,1,1,0,1,7,82363145,105083659,2,142606440,138412041,1,155189248,97.0149,0,0,0,0,272629760,136314880,0.77247,98.7494,0,4479516672,0,3816816640,1074790400,2336227328,156237824,1572864,371916800,0,1,2.25969,0,0,1,1,1,2,6.84761,100,99.696,1024,0,128,0,19
directCoulombSum,42990,524288,64,32,2,1,32,2,0,0,1,8,131820940,134366216,2,139461384,138412169,1,155189248,98.1132,0,0,0,0,272629760,136314880,0.951783,99.1259,0,4479516672,0,1971322880,537919488,1161822208,89128960,1572864,258670592,0,1,1.82757,0,0,1,1,1,2,4.30928,100,99.563,1024,0,128,0,20
directCoulombSum,42856,524288,64,32,2,1,32,2,1,0,1,8,127987552,131933378,2,142607144,138412089,1,155189248,97.0149,0,0,0,0,272629760,136314880,0.948119,101.421,0,4479516672,0,2206203904,537919488,1262485504,156237824,1572864,271253504,0,1,1.87209,0,0,1,1,1,2,4.47902,100,99.5832,1024,0,128,0,21
directCoulombSum,43974,524288,64,32,2,1,32,4,0,0,1,8,135959321,137446022,2,139460808,138412169,1,155189248,98.1132,0,0,0,0,272629760,136314880,0.987731,99.4779,0,4479516672,0,1166016512,269484032,624951296,89128960,1572864,208338944,0,1,1.79014,0,0,1,1,1,2,3.69625,100,99.4574,1024,0,128,0,22
directCoulombSum,44017,524288,64,32,2,1,32,4,1,0,1,8,135879560,137419858,2,142606384,138412041,1,155189248,97.0149,0,0,0,0,272629760,136314880,0.986778,99.3602,0,4479516672,0,1400897536,269484032,725614592,156237824,1572864,220921856,0,1,1.78946,0,0,1,1,1,2,3.86926,100,99.4883,1024,0,128,0,23
directCoulombSum,43719,524288,64,32,2,1,32,8,0,0,1,8,133726293,136782668,2,139461408,138412041,1,155189248,98.1132,0,0,0,0,272629760,136314880,0.978913,99.6531,0,4479516672,0,763363328,135266304,624951296,89128960,1572864,191561728,0,1,1.80261,0,0,1,1,1,2,3.20315,100,99.4099,1024,0,128,0,31
directCoulombSum,43614,524288,64,32,2,1,32,8,1,0,1,8,133565646,136782640,2,142607376,138412041,1,155189248,97.0149,0,0,0,0,272629760,136314880,0.974019,99.6737,0,4479516672,0,998244352,135266304,725614592,156237824,1572864,204144640,0,1,1.8045,0,0,1,1,1,2,3.54693,100,99.4462,1024,0,128,0,32
directCoulombSum,43004,524288,64,32,2,1,32,16,0,0,1,8,131197925,135220474,2,139462056,138412041,1,155189248,98.1132,0,0,0,0,272629760,136314880,0.977355,99.618,0,4479516672,0,562036736,68157440,624951296,256901120,1572864,188416000,0,1,1.82907,0,0,1,1,1,2,3.43622,100,99.4,1024,0,128,0,32
directCoulombSum,42944,524288,64,32,2,1,32,16,1,0,1,8,131253361,135040463,2,142606776,138412041,1,155189248,97.0149,0,0,0,0,272629760,136314880,0.972327,99.4614,0,4479516672,0,796917760,68157440,725614592,324009984,1572864,200998912,0,1,1.82844,0,0,1,1,1,2,3.52715,100,99.4376,1024,0,128,0,32
directCoulombSum,10601,16777216,128,32,4,1,1,0,0,0,1,1,2097254,2064559,1,35652080,2097161,10,538968064,0,0,0,0,0,0,0,0.954952,100.107,0,8606711808,0,889192448,117440512,1107296256,1040187392,50331648,372244480,0,3,18.3828,0,0,2,1,1,3,26.4544,100,99.1549,1024,0,0,0,32
directCoulombSum,42200,16777216,128,32,4,1,1,0,1,0,1,1,2099022,2064695,1,136316744,2097161,3,538968064,0,0,0,0,0,0,0,0.913782,99.9997,0,8606711808,0,3724541952,285212672,4328521728,1610612736,50331648,584056832,0,1,4.58444,0,0,1,1,1,3,9.20281,100,99.5512,1024,0,0,0,32
directCoulombSum,5338,8388608,128,32,4,1,2,0,0,0,1,1,2097190,2064427,1,18874472,2097161,10,270532608,0,0,0,0,0,0,0,0.954053,99.7455,0,6459228160,0,872415232,142606336,570425344,285212672,25165824,262406144,0,4,25.3389,0,0,3,1,1,3,36.0592,100,99.5005,1024,0,0,0,29
directCoulombSum,21242,8388608,128,32,4,1,2,0,1,0,1,1,2098566,2064435,1,69207632,2097161,3,270532608,0,0,0,0,0,0,0,0.968155,99.9378,0,6459228160,0,1962934272,142606336,2181038080,1073741824,25165824,371458048,0,1,6.31184,0,0,1,1,1,3,11.067,100,99.6471,1024,0,0,0,32
directCoulombSum,10785,8388608,128,32,4,1,2,1,0,0,1,1,2097518,2073739,5,155190232,138412041,7,406847488,92.8571,0,0,0,0,272629760,136314880,0.97984,100.003,0,6996099072,0,6224347136,1090519040,2743074816,1182793728,25165824,588775424,0,4,13.3247,0,0,2,1,1,6,40.4996,100,96.9279,1024,0,8,0,16
directCoulombSum,24354,8388608,128,32,4,1,2,1,1,0,1,1,2097502,2073782,3,205521944,138412041,3,406847488,79.2683,0,0,0,0,272629760,136314880,0.99136,100.032,0,6996099072,0,9982443520,1090519040,4353687552,2256535552,25165824,790102016,0,2,5.84759,0,0,1,1,1,4,22.6827,100,97.7107,1024,0,8,0,19
directCoulombSum,2697,4194304,128,32,4,1,4,0,0,0,1,2,2097198,2064435,1,10485816,2097161,10,136314880,0,0,0,0,0,0,0,0.979685,99.7692,0,5385486336,0,541065216,71303168,301989888,163577856,12582912,203030528,0,6,39.3661,0,0,5,1,1,3,55.1452,100,99.6772,1024,0,0,0,32
directCoulombSum,10693,4194304,128,32,4,1,4,0,1,0,1,1,2097726,2064435,1,35652216,2097161,3,136314880,0,0,0,0,0,0,0,0.977579,99.8958,0,5385486336,0,1073741824,71303168,1107296256,696254464,12582912,261488640,0,2,9.75011,0,0,2,1,1,3,15.7063,100,99.7494,1024,0,0,0,32
directCoulombSum,8881,4194304,128,32,4,1,4,1,0,0,1,1,2097190,4337151,6,146800688,138412169,6,272629760,95.5882,0,0,0,0,272629760,136314880,0.988502,100.115,0,5653921792,0,4815060992,1082130432,2470445056,595591168,12582912,466223104,0,4,12.3646,0,0,2,1,1,7,36.8934,100,98.0602,1024,0,16,0,15
directCoulombSum,14020,4194304,128,32,4,1,4,1,1,0,1,1,2097438,4832699,4,171966760,138412041,4,272629760,87.8378,0,0,0,0,272629760,136314880,0.986459,99.9277,0,5653921792,0,6694109184,1082130432,3275751424,1132462080,12582912,566886400,0,3,7.78685,0,0,1,1,1,6,27.5678,100,98.4046,1024,0,16,0,19
directCoulombSum,8229,4194304,128,32,4,1,4,2,0,0,1,1,2097190,4028729,6,146800736,138412041,6,272629760,95.5882,0,0,0,0,272629760,136314880,0.988481,99.8404,0,5653921792,0,3204448256,545259520,1396703232,595591168,12582912,365559808,0,3,13.3505,0,0,2,1,1,7,34.4231,100,97.526,1024,0,16,0,20
directCoulombSum,13912,4194304,128,32,4,1,4,2,1,0,1,1,2097190,4209099,4,171966664,138412041,4,272629760,87.8378,0,0,0,0,272629760,136314880,0.992664,99.8495,0,5653921792,0,5083496448,545259520,2202009600,1132462080,12582912,466223104,0,3,7.8608,0,0,1,1,1,6,24.6007,100,98.0602,1024,0,16,0,21
directCoulombSum,1506,2097152,128,32,4,1,8,0,0,0,1,4,2097190,2064419,1,6291552,2097161,9,69206016,0,0,0,0,0,0,0,0.972227,99.9916,0,4848615424,0,362807296,35651584,167772160,174063616,6291456,175177728,0,8,60.8305,0,0,9,1,1,3,83.8702,100,99.8129,1024,0,0,0,32
directCoulombSum,5370,2097152,128,32,4,1,8,0,1,0,1,1,2097190,2064435,1,18874416,2097161,3,69206016,0,0,0,0,0,0,0,0.987439,100.566,0,4848615424,0,629145600,35651584,570425344,306184192,6291456,200212480,0,3,16.8335,0,0,3,1,1,3,25.1418,100,99.8363,1024,0,0,0,32
directCoulombSum,9259,2097152,128,32,4,1,8,1,0,0,1,6,2174182,39102625,6,142606544,138412041,5,205520896,97.0149,0,0,0,0,272629760,136314880,0.974465,100.092,0,4982833152,0,4110417920,1077936128,2336227328,306184192,6291456,405143552,0,3,10.0367,0,0,2,1,1,6,29.4967,100,98.8839,1024,0,32,0,15
directCoulombSum,9999,2097152,128,32,4,1,8,1,1,0,1,6,2177502,42611414,5,155189896,138412041,4,205520896,92.8571,0,0,0,0,272629760,136314880,0.978817,99.9029,0,4982833152,0,5049942016,1077936128,2738880512,574619648,6291456,455475200,0,3,9.26514,0,0,2,1,1,7,30.3012,100,99.0072,1024,0,32,0,19
directCoulombSum,8597,2097152,128,32,4,1,8,2,0,0,1,7,2177786,41567499,6,142606400,138412041,5,205520896,97.0149,0,0,0,0,272629760,136314880,0.973876,99.5253,0,4982833152,0,2499805184,541065216,1262485504,306184192,6291456,304480256,0,3,10.7654,0,0,2,1,1,7,26.5338,100,98.5149,1024,0,32,0,20
directCoulombSum,9632,2097152,128,32,4,1,8,2,1,0,1,7,2187794,45872652,6,155189832,138412041,4,205520896,92.8571,0,0,0,0,272629760,136314880,0.979788,99.9521,0,4982833152,0,3439329280,541065216,1665138688,574619648,6291456,354811904,0,3,9.73238,0,0,2,1,1,7,27.0565,100,98.7255,1024,0,32,0,21
directCoulombSum,8315,2097152,128,32,4,1,8,4,0,0,1,7,2163254,38824919,6,142606984,138412041,5,205520896,97.0149,0,0,0,0,272629760,136314880,0.981245,99.8198,0,4982833152,0,1694498816,272629760,725614592,306184192,6291456,254148608,0,2,11.1484,0,0,2,1,1,7,24.6684,100,98.2207,1024,0,32,0,22
directCoulombSum,9366,2097152,128,32,4,1,8,4,1,0,1,6,2167750,41573107,6,155190112,138412041,4,205520896,92.8571,0,0,0,0,272629760,136314880,0.980485,99.6309,0,4982833152,0,2634022912,272629760,1128267776,574619648,6291456,304480256,0,3,9.87517,0,0,2,1,1,7,25.1206,100,98.5149,1024,0,32,0,23
directCoulombSum,1529,1048576,128,32,4,1,16,0,0,0,1,4,2097190,2064421,1,4194584,2097161,5,35651584,0,0,0,0,0,0,0,0.970309,99.8263,0,4580179968,0,515899392,67108864,100663296,46137344,3145728,166166528,0,8,55.0725,0,0,9,1,1,2,77.6969,100,99.9211,1024,0,0,0,32
directCoulombSum,2784,1048576,128,32,4,1,16,0,1,0,1,2,2097198,2064451,1,10485816,2097161,3,35651584,0,0,0,0,0,0,0,0.739998,100.278,0,4580179968,0,918552576,67108864,301989888,790626304,3145728,208306176,0,6,29.7428,0,0,5,1,1,3,57.3163,100,99.9371,1024,0,0,0,40
directCoulombSum,27983,1048576,128,32,4,1,16,1,0,0,1,7,30434583,124790334,2,140510096,138412169,2,171966464,97.7444,0,0,0,0,272629760,136314880,0.9443,99.7384,0,4647288832,0,3758096384,1075838976,2269118464,161480704,3145728,374603776,0,1,2.96036,0,0,1,1,1,2,8.65967,100,99.3964,1024,0,64,0,15
directCoulombSum,27915,1048576,128,32,4,1,16,1,1,0,1,7,30112867,124549474,2,146801736,138412041,2,171966464,95.5882,0,0,0,0,272629760,136314880,0.942325,99.7931,0,4647288832,0,4227858432,1075838976,2470445056,295698432,3145728,399769600,0,1,2.96812,0,0,1,1,1,2,9.19828,100,99.4344,1024,0,64,0,19
directCoulombSum,28054,1048576,128,32,4,1,16,2,0,0,1,8,35656190,129933362,2,140509656,138412169,2,171966464,97.7444,0,0,0,0,272629760,136314880,0.971826,100.038,0,4647288832,0,2147483648,538968064,1195376640,161480704,3145728,273940480,0,1,2.97045,0,0,1,1,1,2,7.06631,100,99.1746,1024,0,64,0,20
directCoulombSum,27995,1048576,128,32,4,1,16,2,1,0,1,8,35451666,129871079,2,146801880,138412041,2,171966464,95.5882,0,0,0,0,272629760,136314880,0.969501,99.6754,0,4647288832,0,2617245696,538968064,1396703232,295698432,3145728,299106304,0,1,2.97006,0,0,1,1,1,2,7.61377,100,99.2441,1024,0,64,0,21
directCoulombSum,27507,1048576,128,32,4,1,16,4,0,0,1,8,34296874,128758918,2,140509688,138412041,2,171966464,97.7444,0,0,0,0,272629760,136314880,0.983964,99.7947,0,4647288832,0,1342177280,270532608,658505728,161480704,3145728,223608832,0,1,3.02108,0,0,1,1,1,2,6.39003,100,98.9889,1024,0,64,0,22
directCoulombSum,27375,1048576,128,32,4,1,16,4,1,0,1,8,33444002,128194063,2,146801056,138412041,2,171966464,95.5882,0,0,0,0,272629760,136314880,0.982093,99.8525,0,4647288832,0,1811939328,270532608,859832320,295698432,3145728,248774656,0,1,3.04676,0,0,1,1,1,3,6.9876,100,99.0911,1024,0,64,0,23
directCoulombSum,24293,1048576,128,32,4,1,16,8,0,0,1,8,25274298,116934928,2,140509752,138412041,2,171966464,97.7444,0,0,0,0,272629760,136314880,0.966848,99.0926,0,4647288832,0,939524096,136314880,658505728,161480704,3145728,206831616,0,1,3.4153,0,0,1,1,1,3,6.3481,100,98.9068,1024,0,64,0,31
directCoulombSum,23572,1048576,128,32,4,1,16,8,1,0,1,8,22654906,114133679,3,146800992,138412169,2,171966464,95.5882,0,0,0,0,272629760,136314880,0.946341,99.6006,0,4647288832,0,1409286144,136314880,859832320,295698432,3145728,231997440,0,1,3.53109,0,0,1,1,1,3,7.4844,100,99.0254,1024,0,64,0,32
directCoulombSum,1539,524288,128,32,4,1,32,0,0,0,1,4,2097214,2064419,1,3145800,2097161,3,18874368,0,0,0,0,0,0,0,0.604897,99.7505,0,4445962240,0,408944640,33554432,67108864,38797312,1572864,156188672,0,8,52.028,0,0,8,1,1,1,73.607,100,99.958,1024,0,0,0,48
directCoulombSum,1903,524288,128,32,4,1,32,0,1,0,1,3,2097190,2064419,1,6291504,2097161,2,18874368,0,0,0,0,0,0,0,0.600466,99.8886,0,4445962240,0,643825664,33554432,167772160,72351744,1572864,167723008,0,7,41.9529,0,0,7,1,1,2,64.7552,100,99.9609,1024,0,0,0,48
directCoulombSum,35315,524288,128,32,4,1,32,1,0,0,1,7,81562068,103370660,2,139461192,138412041,1,155189248,98.1132,0,0,0,0,272629760,136314880,0.782007,102.582,0,4479516672,0,3581935616,1074790400,2235564032,89128960,1572864,359333888,0,1,2.27467,0,0,1,1,1,2,6.43844,100,99.6854,1024,0,128,0,15
directCoulombSum,35220,524288,128,32,4,1,32,1,1,0,1,7,84664559,106109448,2,142607904,138412041,1,155189248,97.0149,0,0,0,0,272629760,136314880,0.764961,97.2684,0,4479516672,0,3816816640,1074790400,2336227328,156237824,1572864,371916800,0,1,2.24436,0,0,1,1,1,2,6.90475,100,99.696,1024,0,128,0,19
directCoulombSum,43197,524288,128,32,4,1,32,2,0,0,1,8,131280994,134211584,2,139461912,138412041,1,155189248,98.1132,0,0,0,0,272629760,136314880,0.955215,99.9226,0,4479516672,0,1971322880,537919488,1161822208,89128960,1572864,258670592,0,1,1.8349,0,0,1,1,1,2,4.2921,100,99.563,1024,0,128,0,20
directCoulombSum,42942,524288,128,32,4,1,32,2,1,0,1,8,131609353,134321801,2,142608200,138412041,1,155189248,97.0149,0,0,0,0,272629760,136314880,0.94551,98.8603,0,4479516672,0,2206203904,537919488,1262485504,156237824,1572864,271253504,0,1,1.82963,0,0,1,1,1,2,4.49087,100,99.5832,1024,0,128,0,21
directCoulombSum,43952,524288,128,32,4,1,32,4,0,0,1,8,136004139,137399497,2,139461952,138412041,1,155189248,98.1132,0,0,0,0,272629760,136314880,0.987549,99.4103,0,4479516672,0,1166016512,269484032,624951296,89128960,1572864,208338944,0,1,1.78961,0,0,1,1,1,2,3.69769,100,99.4574,1024,0,128,0,22
directCoulombSum,44031,524288,128,32,4,1,32,4,1,0,1,8,135791769,137369069,2,142607992,138412041,1,155189248,97.0149,0,0,0,0,272629760,136314880,0.985449,99.4626,0,4479516672,0,1400897536,269484032,725614592,156237824,1572864,220921856,0,1,1.79054,0,0,1,1,1,2,3.86764,100,99.4883,1024,0,128,0,23
directCoulombSum,43713,524288,128,32,4,1,32,8,0,0,1,8,133712092,136883669,2,139461952,138412169,1,155189248,98.1132,0,0,0,0,272629760,136314880,0.979952,99.7155,0,4479516672,0,763363328,135266304,624951296,89128960,1572864,191561728,0,1,1.80241,0,0,1,1,1,2,3.20081,100,99.4099,1024,0,128,0,31
directCoulombSum,43701,524288,128,32,4,1,32,8,1,0,1,8,133606830,136810699,2,142608056,138412041,1,155189248,97.0149,0,0,0,0,272629760,136314880,0.976374,99.6719,0,4479516672,0,998244352,135266304,725614592,156237824,1572864,204144640,0,1,1.80297,0,0,1,1,1,2,3.54402,100,99.4462,1024,0,128,0,32
directCoulombSum,43147,524288,128,32,4,1,32,16,0,0,1,8,132121772,135731381,2,139462040,138412041,1,155189248,98.1132,0,0,0,0,272629760,136314880,0.982669,99.4162,0,4479516672,0,562036736,68157440,624951296,256901120,1572864,188416000,0,1,1.8189,0,0,1,1,1,2,3.42407,100,99.4,1024,0,128,0,32
directCoulombSum,43343,524288,128,32,4,1,32,16,1,0,1,8,131432609,135058550,2,142607728,138412089,1,155189248,97.0149,0,0,0,0,272629760,136314880,0.978131,99.7945,0,4479516672,0,796917760,68157440,725614592,324009984,1572864,200998912,0,1,1.82831,0,0,1,1,1,2,3.51515,100,99.4376,1024,0,128,0,32
directCoulombSum,10542,16777216,256,32,8,1,1,0,0,0,1,1,2097438,2064431,1,35651880,2097161,10,538968064,0,0,0,0,0,0,0,0.964672,100.004,0,8606711808,0,889192448,117440512,1107296256,1040187392,50331648,372244480,0,3,18.4642,0,0,2,1,1,3,26.5991,100,99.1549,1024,0,0,0,32
directCoulombSum,42181,16777216,256,32,8,1,1,0,1,0,1,1,2098110,2064931,1,136315864,2097161,3,538968064,0,0,0,0,0,0,0,0.893692,99.9942,0,8606711808,0,3724541952,285212672,4328521728,1610612736,50331648,584056832,0,1,4.58517,0,0,1,1,1,3,9.20476,100,99.5512,1024,0,0,0,32
directCoulombSum,5309,8388608,256,32,8,1,2,0,0,0,1,1,2097238,2064539,1,18874544,2097161,10,270532608,0,0,0,0,0,0,0,0.968476,100.205,0,6459228160,0,872415232,142606336,570425344,285212672,25165824,262406144,0,4,25.5354,0,0,3,1,1,3,36.1725,100,99.5005,1024,0,0,0,29
directCoulombSum,21238,8388608,256,32,8,1,2,0,1,0,1,1,2097190,2064451,1,69206296,2097161,3,270532608,0,0,0,0,0,0,0,0.951676,99.9873,0,6459228160,0,1962934272,142606336,2181038080,1073741824,25165824,371458048,0,1,6.31647,0,0,1,1,1,3,11.0697,100,99.6471,1024,0,0,0,32
directCoulombSum,10699,8388608,256,32,8,1,2,1,0,0,1,1,2097190,2073734,5,155189296,138412089,7,406847488,92.8571,0,0,0,0,272629760,136314880,0.982005,99.902,0,6996099072,0,6224347136,1090519040,2743074816,1182793728,25165824,588775424,0,4,13.4203,0,0,2,1,1,6,40.8314,100,96.9279,1024,0,8,0,16
directCoulombSum,24379,8388608,256,32,8,1,2,1,1,0,1,1,2097190,2073759,3,205521096,138412041,3,406847488,79.2683,0,0,0,0,272629760,136314880,0.990143,99.969,0,6996099072,0,9982443520,1090519040,4353687552,2256535552,25165824,790102016,0,2,5.84471,0,0,1,1,1,4,22.686,100,97.7107,1024,0,8,0,19
directCoulombSum,2687,4194304,256,32,8,1,4,0,0,0,1,2,2097190,2064423,1,10485960,2097161,10,136314880,0,0,0,0,0,0,0,0.977426,100.045,0,5385486336,0,541065216,71303168,301989888,163577856,12582912,203030528,0,6,39.5452,0,0,5,1,1,3,55.2437,100,99.6772,1024,0,0,0,32
directCoulombSum,10578,4194304,256,32,8,1,4,0,1,0,1,1,2097190,2064451,1,35651632,2097161,3,136314880,0,0,0,0,0,0,0,0.98528,99.6522,0,5385486336,0,1073741824,71303168,1107296256,696254464,12582912,261488640,0,2,9.89386,0,0,2,1,1,3,15.9771,100,99.7494,1024,0,0,0,32
directCoulombSum,8761,4194304,256,32,8,1,4,1,0,0,1,1,2097190,4323030,6,146800872,138412041,6,272629760,95.5882,0,0,0,0,272629760,136314880,0.987209,100.02,0,5653921792,0,4815060992,1082130432,2470445056,595591168,12582912,466223104,0,4,12.5393,0,0,2,1,1,7,37.4501,100,98.0602,1024,0,16,0,15
directCoulombSum,14010,4194304,256,32,8,1,4,1,1,0,1,1,2097190,4795876,4,171966512,138412041,4,272629760,87.8378,0,0,0,0,272629760,136314880,0.984705,99.9311,0,5653921792,0,6694109184,1082130432,3275751424,1132462080,12582912,566886400,0,3,7.79363,0,0,1,1,1,6,27.5909,100,98.4046,1024,0,16,0,19
directCoulombSum,8226,4194304,256,32,8,1,4,2,0,0,1,1,2097206,3996446,6,146800704,138412041,6,272629760,95.5882,0,0,0,0,272629760,136314880,0.98573,99.922,0,5653921792,0,3204448256,545259520,1396703232,595591168,12582912,365559808,0,3,13.3691,0,0,2,1,1,7,34.4429,100,97.526,1024,0,16,0,20
directCoulombSum,13892,4194304,256,32,8,1,4,2,1,0,1,1,2097190,4201486,4,171966512,138412041,4,272629760,87.8378,0,0,0,0,272629760,136314880,0.991398,99.8997,0,5653921792,0,5083496448,545259520,2202009600,1132462080,12582912,466223104,0,3,7.86282,0,0,1,1,1,6,24.5949,100,98.0602,1024,0,16,0,21
directCoulombSum,1518,2097152,256,32,8,1,8,0,0,0,1,4,2097190,2064419,1,6291504,2097161,9,69206016,0,0,0,0,0,0,0,0.966197,99.4795,0,4848615424,0,362807296,35651584,167772160,174063616,6291456,175177728,0,8,59.9389,0,0,9,1,1,3,83.0666,100,99.8129,1024,0,0,0,32
directCoulombSum,5325,2097152,256,32,8,1,8,0,1,0,1,1,2097190,2064435,1,18874416,2097161,3,69206016,0,0,0,0,0,0,0,0.984581,99.994,0,4848615424,0,629145600,35651584,570425344,306184192,6291456,200212480,0,3,16.8327,0,0,3,1,1,3,25.2845,100,99.8363,1024,0,0,0,32
directCoulombSum,9008,2097152,256,32,8,1,8,1,0,0,1,6,2169362,39096051,6,142607664,138412041,5,205520896,97.0149,0,0,0,0,272629760,136314880,0.968445,99.7188,0,4982833152,0,4110417920,1077936128,2336227328,306184192,6291456,405143552,0,3,10.3033,0,0,2,1,1,6,30.3936,100,98.8839,1024,0,32,0,15
directCoulombSum,9867,2097152,256,32,8,1,8,1,1,0,1,6,2171770,43137823,6,155189296,138412041,4,205520896,92.8571,0,0,0,0,272629760,136314880,0.97496,99.8089,0,4982833152,0,5049942016,1077936128,2738880512,574619648,6291456,455475200,0,3,9.39668,0,0,2,1,1,7,30.7604,100,99.0072,1024,0,32,0,19
directCoulombSum,8512,2097152,256,32,8,1,8,2,0,0,1,7,2173378,40905740,6,142606384,138412041,5,205520896,97.0149,0,0,0,0,272629760,136314880,0.971421,99.9643,0,4982833152,0,2499805184,541065216,1262485504,306184192,6291456,304480256,0,3,10.8633,0,0,2,1,1,7,26.6578,100,98.5149,1024,0,32,0,20
directCoulombSum,9509,2097152,256,32,8,1,8,2,1,0,1,7,2179730,45108239,6,155189856,138412041,4,205520896,92.8571,0,0,0,0,272629760,136314880,0.977106,99.7969,0,4982833152,0,3439329280,541065216,1665138688,574619648,6291456,354811904,0,3,9.76528,0,0,2,1,1,7,27.1903,100,98.7255,1024,0,32,0,21
directCoulombSum,8302,2097152,256,32,8,1,8,4,0,0,1,7,2156886,38444806,6,142606384,138412041,5,205520896,97.0149,0,0,0,0,272629760,136314880,0.976448,99.6854,0,4982833152,0,1694498816,272629760,725614592,306184192,6291456,254148608,0,3,11.1628,0,0,2,1,1,7,24.7338,100,98.2207,1024,0,32,0,22
directCoulombSum,9371,2097152,256,32,8,1,8,4,1,0,1,6,2161818,41092416,6,155189896,138412041,4,205520896,92.8571,0,0,0,0,272629760,136314880,0.976752,99.7853,0,4982833152,0,2634022912,272629760,1128267776,574619648,6291456,304480256,0,3,9.8894,0,0,2,1,1,7,25.1181,100,98.5149,1024,0,32,0,23
directCoulombSum,1547,1048576,256,32,8,1,16,0,0,0,1,4,2097190,2064419,1,4194352,2097161,5,35651584,0,0,0,0,0,0,0,0.961569,99.8466,0,4580179968,0,515899392,67108864,100663296,46137344,3145728,166166528,0,8,54.3074,0,0,8,1,1,2,76.6031,100,99.9211,1024,0,0,0,32
directCoulombSum,2772,1048576,256,32,8,1,16,0,1,0,1,2,2097190,2064435,1,10485808,2097161,3,35651584,0,0,0,0,0,0,0,0.738101,99.164,0,4580179968,0,918552576,67108864,301989888,790626304,3145728,208306176,0,6,29.8721,0,0,5,1,1,3,58.2119,100,99.9371,1024,0,0,0,40
directCoulombSum,28092,1048576,256,32,8,1,16,1,0,0,1,7,30534058,124607580,2,140509528,138412041,2,171966464,97.7444,0,0,0,0,272629760,136314880,0.948226,100.537,0,4647288832,0,3758096384,1075838976,2269118464,161480704,3145728,374603776,0,1,2.9601,0,0,1,1,1,2,8.59018,100,99.3964,1024,0,64,0,15
directCoulombSum,28166,1048576,256,32,8,1,16,1,1,0,1,7,30455322,124716908,2,146801344,138412041,2,171966464,95.5882,0,0,0,0,272629760,136314880,0.945102,99.955,0,4647288832,0,4227858432,1075838976,2470445056,295698432,3145728,399769600,0,1,2.95695,0,0,1,1,1,2,9.14894,100,99.4344,1024,0,64,0,19
directCoulombSum,28147,1048576,256,32,8,1,16,2,0,0,1,8,35962867,130076121,2,140509248,138412041,2,171966464,97.7444,0,0,0,0,272629760,136314880,0.972101,99.5181,0,4647288832,0,2147483648,538968064,1195376640,161480704,3145728,273940480,0,1,2.95741,0,0,1,1,1,2,7.07216,100,99.1746,1024,0,64,0,20
directCoulombSum,28015,1048576,256,32,8,1,16,2,1,0,1,8,35588610,129895989,2,146800688,138412041,2,171966464,95.5882,0,0,0,0,272629760,136314880,0.97016,99.5401,0,4647288832,0,2617245696,538968064,1396703232,295698432,3145728,299106304,0,1,2.96341,0,0,1,1,1,2,7.60714,100,99.2441,1024,0,64,0,21
directCoulombSum,27540,1048576,256,32,8,1,16,4,0,0,1,8,34411938,128648499,2,140509992,138412169,2,171966464,97.7444,0,0,0,0,272629760,136314880,0.983103,99.9298,0,4647288832,0,1342177280,270532608,658505728,161480704,3145728,223608832,0,1,3.01862,0,0,1,1,1,2,6.37631,100,98.9889,1024,0,64,0,22
directCoulombSum,27410,1048576,256,32,8,1,16,4,1,0,1,8,33593858,128301011,2,146801104,138412169,2,171966464,95.5882,0,0,0,0,272629760,136314880,0.979456,99.2066,0,4647288832,0,1811939328,270532608,859832320,295698432,3145728,248774656,0,1,3.03192,0,0,1,1,1,3,6.99895,100,99.0911,1024,0,64,0,23
directCoulombSum,24476,1048576,256,32,8,1,16,8,0,0,1,8,25674362,116831376,2,140510248,138412041,2,171966464,97.7444,0,0,0,0,272629760,136314880,0.970787,99.8452,0,4647288832,0,939524096,136314880,658505728,161480704,3145728,206831616,0,1,3.4069,0,0,1,1,1,3,6.28489,100,98.9068,1024,0,64,0,31
directCoulombSum,23831,1048576,256,32,8,1,16,8,1,0,1,8,22717118,114048037,3,146801304,138412041,2,171966464,95.5882,0,0,0,0,272629760,136314880,0.951579,99.8509,0,4647288832,0,1409286144,136314880,859832320,295698432,3145728,231997440,0,1,3.51755,0,0,1,1,1,3,7.43716,100,99.0254,1024,0,64,0,32
directCoulombSum,1572,524288,256,32,8,1,32,0,0,0,1,4,2097190,2064419,1,3145784,2097161,3,18874368,0,0,0,0,0,0,0,0.601961,99.5583,0,4445962240,0,408944640,33554432,67108864,38797312,1572864,156188672,0,7,50.8402,0,0,8,1,1,1,72.0654,100,99.958,1024,0,0,0,48
directCoulombSum,1887,524288,256,32,8,1,32,0,1,0,1,3,2097190,2064719,1,6291656,2097161,2,18874368,0,0,0,0,0,0,0,0.597089,99.8749,0,4445962240,0,643825664,33554432,167772160,72351744,1572864,167723008,0,7,42.1824,0,0,7,1,1,3,65.1184,100,99.9609,1024,0,0,0,48
directCoulombSum,35087,524288,256,32,8,1,32,1,0,0,1,7,81026401,103513706,2,139460656,138412041,1,155189248,98.1132,0,0,0,0,272629760,136314880,0.760267,98.7675,0,4479516672,0,3581935616,1074790400,2235564032,89128960,1572864,359333888,0,1,2.2888,0,0,1,1,1,2,6.72873,100,99.6854,1024,0,128,0,15
directCoulombSum,34417,524288,256,32,8,1,32,1,1,0,1,8,86827975,106574219,2,142607816,138412169,1,155189248,97.0149,0,0,0,0,272629760,136314880,0.777244,98.4467,0,4479516672,0,3816816640,1074790400,2336227328,156237824,1572864,371916800,0,1,2.19845,0,0,1,1,1,2,6.68262,100,99.696,1024,0,128,0,19
directCoulombSum,43003,524288,256,32,8,1,32,2,0,0,1,8,133025574,135432359,2,139461248,138412041,1,155189248,98.1132,0,0,0,0,272629760,136314880,0.957811,98.9742,0,4479516672,0,1971322880,537919488,1161822208,89128960,1572864,258670592,0,1,1.81345,0,0,1,1,1,2,4.28262,100,99.563,1024,0,128,0,20
directCoulombSum,43208,524288,256,32,8,1,32,2,1,0,1,8,131206705,133833341,2,142606712,138412041,1,155189248,97.0149,0,0,0,0,272629760,136314880,0.94202,98.6898,0,4479516672,0,2206203904,537919488,1262485504,156237824,1572864,271253504,0,1,1.837,0,0,1,1,1,2,4.5168,100,99.5832,1024,0,128,0,21
directCoulombSum,44097,524288,256,32,8,1,32,4,0,0,1,8,136133407,137548522,2,139461616,138412041,1,155189248,98.1132,0,0,0,0,272629760,136314880,0.985698,99.4366,0,4479516672,0,1166016512,269484032,624951296,89128960,1572864,208338944,0,1,1.78857,0,0,1,1,1,2,3.69462,100,99.4574,1024,0,128,0,22
directCoulombSum,44066,524288,256,32,8,1,32,4,1,0,1,8,135975159,137501697,2,142607152,138412041,1,155189248,97.0149,0,0,0,0,272629760,136314880,0.985415,99.3757,0,4479516672,0,1400897536,269484032,725614592,156237824,1572864,220921856,0,1,1.78931,0,0,1,1,1,2,3.86841,100,99.4883,1024,0,128,0,23
directCoulombSum,43817,524288,256,32,8,1,32,8,0,0,1,8,133979609,136910568,2,139461528,138412041,1,155189248,98.1132,0,0,0,0,272629760,136314880,0.97994,99.517,0,4479516672,0,763363328,135266304,624951296,89128960,1572864,191561728,0,1,1.79951,0,0,1,1,1,2,3.20208,100,99.4099,1024,0,128,0,31
directCoulombSum,43749,524288,256,32,8,1,32,8,1,0,1,8,133617788,137001785,2,142606792,138412169,1,155189248,97.0149,0,0,0,0,272629760,136314880,0.978039,99.6573,0,4479516672,0,998244352,135266304,725614592,156237824,1572864,204144640,0,1,1.80242,0,0,1,1,1,2,3.54349,100,99.4462,1024,0,128,0,32
directCoulombSum,43396,524288,256,32,8,1,32,16,0,0,1,8,132990320,136297273,2,139460904,138412169,1,155189248,98.1132,0,0,0,0,272629760,136314880,0.98497,99.2262,0,4479516672,0,562036736,68157440,624951296,256901120,1572864,188416000,0,1,1.8111,0,0,1,1,1,2,3.41596,100,99.4,1024,0,128,0,32
directCoulombSum,43595,524288,256,32,8,1,32,16,1,0,1,8,133521589,136433744,2,142607072,138412041,1,155189248,97.0149,0,0,0,0,272629760,136314880,0.980816,99.2043,0,4479516672,0,796917760,68157440,725614592,324009984,1572864,200998912,0,1,1.80631,0,0,1,1,1,2,3.49356,100,99.4376,1024,0,128,0,32
