"X1","X2"
"MWG","A=(MWG-32)/16"
"NWG","B=(NWG-32)/16"
"KWG","C=-1"
"MDIMC","D=(MDIMC-16)/8"
"NDIMC","E=(NDIMC-16)/8"
"MDIMA","F=(MDIMA-16)/8"
"NDIMB","G=(NDIMB-16)/8"
"KWI","H=-1"
"VWM","J=(VWM-2)/1"
"VWN","K=(VWN-2)/1"
"STRM","L=-1"
"STRN","M=-1"
"SA","N=(SA-0.5)/0.5"
"SB","O=(SB-0.5)/0.5"
"PRECISION","P=-1"
"Condition","C==-1 and H==-1 and L==-1 and M==-1 and N==-1 and O==1 and P==-1"
"Global size","5305.68 -2823.78*A  -2772.83*B  +3215.11*D  +3247.42*E  -280.93*F  -314.93*G  +80.09*J  +102.22*K  +594.27*(A**2)  +579.23*(B**2)  -42.97*(D**2)  -14.47*(E**2)  +4.88*(F**2)  +566.92*A*B  -1099.46*A*D  -1021.62*B*D  -1086.91*A*E  -1076.35*B*E  +1964.99*D*E  +169.32*A*F  +165.40*B*F  -292.16*D*F  -338.55*E*F  +195.55*A*G  +211.15*B*G  -367.39*D*G  -295.19*E*G  +43.21*F*G  -5.92*A*J  +63.32*B*J  +63.21*D*J  -39.79*E*J  -23.31*F*J  -4.32*G*J  +38.47*A*K  -2.20*B*K  -6.14*D*K  +98.80*E*K  +5.42*F*K  +26.46*J*K  +355.60*A*B*D  +367.66*A*B*E  -759.05*A*D*E  -728.69*B*D*E  -99.24*A*B*F  +177.80*A*D*F  +95.24*B*D*F  +206.12*A*E*F  +120.69*B*E*F  -245.14*D*E*F  -124.90*A*B*G  +154.03*A*D*G  +244.59*B*D*G  +111.56*A*E*G  +207.70*B*E*G  -251.45*D*E*G  -23.91*A*F*G  -29.79*B*F*G  +27.93*D*F*G  +22.59*E*F*G  -53.01*A*B*J  -23.50*B*D*J  +70.46*A*E*J  -4.04*B*E*J  +82.30*D*E*J  +16.54*B*F*J  -28.61*D*F*J  -31.68*E*F*J  -8.13*A*G*J  -3.40*B*G*J  -19.75*D*G*J  -22.77*E*G*J  +5.41*F*G*J  -48.23*A*B*K  -20.19*A*D*K  +60.61*B*D*K  -33.87*A*E*K  +86.70*D*E*K  -3.25*A*F*K  -10.62*B*F*K  -15.41*D*F*K  -10.41*E*F*K  -14.25*A*J*K  -15.33*B*J*K  +5.22*D*J*K  +3.94*E*J*K  +0.54*F*J*K  +295.20*A*B*D*E  -57.15*A*B*D*F  -72.42*A*B*E*F  +150.64*A*D*E*F  +103.40*B*D*E*F  -94.79*A*B*D*G  -73.30*A*B*E*G  +123.32*A*D*E*G  +177.05*B*D*E*G  +17.87*A*B*F*G  -14.26*A*D*F*G  -19.32*B*D*F*G  -10.56*A*E*F*G  -17.10*B*E*F*G  +28.83*D*E*F*G  -13.30*A*B*E*J  -26.23*B*D*E*J  +9.52*B*D*F*J  +12.07*B*E*F*J  -22.90*D*E*F*J  +6.56*A*B*G*J  +7.51*B*D*G*J  +4.56*A*E*G*J  +11.23*B*E*G*J  -15.96*D*E*G*J  -2.98*B*F*G*J  +3.40*D*F*G*J  +4.44*E*F*G*J  -10.61*A*B*D*K  -36.36*A*D*E*K  +6.37*A*B*F*K  +9.25*A*D*F*K  +2.74*B*D*F*K  +6.25*A*E*F*K  -11.46*D*E*F*K  +9.24*A*B*J*K  -0.37*B*D*J*K  -0.59*A*E*J*K  +6.02*D*E*J*K  -1.06*B*F*J*K  -1.54*D*F*J*K  -1.04*E*F*J*K  -62.04*A*B*D*E*F  -80.02*A*B*D*E*G  +11.59*A*B*D*F*G  +10.26*A*B*E*F*G  -13.74*A*D*E*F*G  -21.04*B*D*E*F*G  +10.34*B*D*E*F*J  -2.61*A*B*E*G*J  +7.19*B*D*E*G*J  -1.93*B*D*F*G*J  -1.71*B*E*F*G*J  +4.50*D*E*F*G*J  -1.65*A*B*D*F*K  +6.88*A*D*E*F*K  +0.27*B*D*F*J*K  -1.15*D*E*F*J*K  +12.63*A*B*D*E*F*G  -2.10*B*D*E*F*G*J "
"Local size","256 +0.00*A  -0.00*B  +128.00*D  +128.00*E  -0.00*F  +0.00*G  -0.00*J  -0.00*K  +0.00*(A**2)  +0.00*(B**2)  -0.00*(D**2)  -0.00*(E**2)  -0.00*(F**2)  +0.00*A*B  +0.00*A*D  +0.00*B*D  +0.00*A*E  +0.00*B*E  +64.00*D*E  +0.00*A*F  +0.00*B*F  -0.00*D*F  -0.00*E*F  +0.00*A*G  +0.00*B*G  +0.00*D*G  +0.00*E*G  +0.00*F*G  +0.00*A*J  +0.00*B*J  -0.00*D*J  -0.00*E*J  -0.00*F*J  -0.00*G*J  +0.00*A*K  +0.00*B*K  -0.00*D*K  -0.00*E*K  -0.00*F*K  -0.00*J*K  -0.00*A*B*D  -0.00*A*B*E  +0.00*A*D*E  +0.00*B*D*E  -0.00*A*B*F  +0.00*A*D*F  +0.00*B*D*F  +0.00*A*E*F  +0.00*B*E*F  -0.00*D*E*F  -0.00*A*B*G  -0.00*A*D*G  -0.00*B*D*G  -0.00*A*E*G  -0.00*B*E*G  +0.00*D*E*G  -0.00*A*F*G  -0.00*B*F*G  +0.00*D*F*G  +0.00*E*F*G  -0.00*A*B*J  +0.00*B*D*J  +0.00*A*E*J  +0.00*B*E*J  -0.00*D*E*J  +0.00*B*F*J  -0.00*D*F*J  -0.00*E*F*J  +0.00*A*G*J  +0.00*B*G*J  +0.00*D*G*J  +0.00*E*G*J  +0.00*F*G*J  -0.00*A*B*K  +0.00*A*D*K  +0.00*B*D*K  -0.00*A*E*K  +0.00*D*E*K  +0.00*A*F*K  +0.00*B*F*K  +0.00*D*F*K  -0.00*E*F*K  +0.00*A*J*K  +0.00*B*J*K  +0.00*D*J*K  -0.00*E*J*K  -0.00*F*J*K  -0.00*A*B*D*E  -0.00*A*B*D*F  -0.00*A*B*E*F  +0.00*A*D*E*F  +0.00*B*D*E*F  +0.00*A*B*D*G  +0.00*A*B*E*G  -0.00*A*D*E*G  -0.00*B*D*E*G  +0.00*A*B*F*G  -0.00*A*D*F*G  -0.00*B*D*F*G  -0.00*A*E*F*G  -0.00*B*E*F*G  +0.00*D*E*F*G  -0.00*A*B*E*J  +0.00*B*D*E*J  +0.00*B*D*F*J  +0.00*B*E*F*J  +0.00*D*E*F*J  -0.00*A*B*G*J  -0.00*B*D*G*J  -0.00*A*E*G*J  -0.00*B*E*G*J  +0.00*D*E*G*J  +0.00*B*F*G*J  +0.00*D*F*G*J  +0.00*E*F*G*J  -0.00*A*B*D*K  +0.00*A*D*E*K  -0.00*A*B*F*K  -0.00*A*D*F*K  -0.00*B*D*F*K  +0.00*A*E*F*K  -0.00*D*E*F*K  -0.00*A*B*J*K  -0.00*B*D*J*K  +0.00*A*E*J*K  +0.00*D*E*J*K  +0.00*B*F*J*K  +0.00*D*F*J*K  -0.00*E*F*J*K  -0.00*A*B*D*E*F  +0.00*A*B*D*E*G  +0.00*A*B*D*F*G  +0.00*A*B*E*F*G  -0.00*A*D*E*F*G  -0.00*B*D*E*F*G  +0.00*B*D*E*F*J  +0.00*A*B*E*G*J  -0.00*B*D*E*G*J  -0.00*B*D*F*G*J  -0.00*B*E*F*G*J  +0.00*D*E*F*G*J  +0.00*A*B*D*F*K  +0.00*A*D*E*F*K  -0.00*B*D*F*J*K  -0.00*D*E*F*J*K  +0.00*A*B*D*E*F*G  -0.00*B*D*E*F*G*J "
"dram_utilization","0.01 -0.01*A  +0.05*B  +0.05*D  -0.04*E  +0.04*F  +0.01*G  -0.08*J  -0.11*K  +0.02*(A**2)  +0.02*(B**2)  -0.01*(D**2)  +0.01*(E**2)  +0.02*(F**2)  -0.02*A*B  -0.03*A*D  +0.05*B*D  +0.02*A*E  +0.10*B*E  -0.01*D*E  -0.08*A*F  +0.06*B*F  +0.14*D*F  -0.04*E*F  -0.00*A*G  -0.04*B*G  -0.02*D*G  -0.09*E*G  +0.02*F*G  +0.01*A*J  +0.15*B*J  -0.01*D*J  -0.10*E*J  +0.05*F*J  +0.02*G*J  +0.03*A*K  -0.00*B*K  -0.08*D*K  -0.11*E*K  -0.09*F*K  -0.15*J*K  -0.05*A*B*D  -0.04*A*B*E  -0.05*A*D*E  +0.11*B*D*E  +0.04*A*B*F  -0.16*A*D*F  +0.01*B*D*F  -0.08*A*E*F  +0.08*B*E*F  -0.01*D*E*F  +0.02*A*B*G  +0.02*A*D*G  -0.04*B*D*G  +0.02*A*E*G  +0.01*B*E*G  -0.08*D*E*G  +0.02*A*F*G  -0.03*B*F*G  +0.01*D*F*G  -0.07*E*F*G  -0.02*A*B*J  +0.12*B*D*J  -0.01*A*E*J  +0.16*B*E*J  -0.08*D*E*J  +0.06*B*F*J  +0.08*D*F*J  -0.04*E*F*J  +0.01*A*G*J  -0.06*B*G*J  +0.03*D*G*J  -0.05*E*G*J  +0.01*F*G*J  -0.01*A*B*K  -0.03*A*D*K  +0.00*B*D*K  +0.05*A*E*K  -0.09*D*E*K  -0.03*A*F*K  -0.01*B*F*K  +0.01*D*F*K  -0.10*E*F*K  +0.01*A*J*K  +0.02*B*J*K  -0.09*D*J*K  -0.13*E*J*K  -0.08*F*J*K  -0.05*A*B*D*E  +0.06*A*B*D*F  +0.05*A*B*E*F  -0.12*A*D*E*F  +0.10*B*D*E*F  +0.01*A*B*D*G  +0.01*A*B*E*G  +0.01*A*D*E*G  +0.02*B*D*E*G  -0.01*A*B*F*G  +0.02*A*D*F*G  -0.04*B*D*F*G  +0.02*A*E*F*G  +0.00*B*E*F*G  -0.08*D*E*F*G  -0.00*A*B*E*J  +0.18*B*D*E*J  +0.03*B*D*F*J  +0.07*B*E*F*J  -0.01*D*E*F*J  +0.00*A*B*G*J  -0.08*B*D*G*J  -0.00*A*E*G*J  -0.03*B*E*G*J  -0.05*D*E*G*J  -0.02*B*F*G*J  +0.01*D*F*G*J  -0.07*E*F*G*J  -0.00*A*B*D*K  -0.02*A*D*E*K  +0.01*A*B*F*K  -0.11*A*D*F*K  -0.04*B*D*F*K  -0.02*A*E*F*K  -0.05*D*E*F*K  -0.00*A*B*J*K  +0.00*B*D*J*K  -0.01*A*E*J*K  -0.09*D*E*J*K  -0.01*B*F*J*K  -0.05*D*F*J*K  -0.08*E*F*J*K  +0.05*A*B*D*E*F  +0.01*A*B*D*E*G  -0.02*A*B*D*F*G  -0.02*A*B*E*F*G  +0.02*A*D*E*F*G  +0.02*B*D*E*F*G  +0.09*B*D*E*F*J  +0.00*A*B*E*G*J  -0.01*B*D*E*G*J  -0.04*B*D*F*G*J  +0.01*B*E*F*G*J  -0.07*D*E*F*G*J  +0.02*A*B*D*F*K  -0.08*A*D*E*F*K  -0.00*B*D*F*J*K  -0.05*D*E*F*J*K  -0.02*A*B*D*E*F*G  +0.02*B*D*E*F*G*J "
"dram_read_transactions","-0.93 +1.51*A  +7.00*B  +1.76*D  -8.14*E  +6.40*F  +3.55*G  -4.67*J  -6.76*K  +0.90*(A**2)  +0.93*(B**2)  -0.28*(D**2)  +0.38*(E**2)  +1.27*(F**2)  -1.59*A*B  +0.92*A*D  +7.42*B*D  +3.60*A*E  +11.96*B*E  -8.38*D*E  -7.97*A*F  +4.60*B*F  +9.19*D*F  -5.77*E*F  -2.45*A*G  -3.41*B*G  +1.50*D*G  -5.59*E*G  +2.19*F*G  -0.37*A*J  +11.68*B*J  -4.29*D*J  -10.03*E*J  +3.03*F*J  +3.59*G*J  -0.46*A*K  -0.96*B*K  -5.38*D*K  -10.54*E*K  -4.18*F*K  -10.50*J*K  -2.49*A*B*D  -3.97*A*B*E  +2.10*A*D*E  +12.23*B*D*E  +4.07*A*B*F  -9.61*A*D*F  +3.53*B*D*F  -5.07*A*E*F  +8.90*B*E*F  -5.02*D*E*F  +2.07*A*B*G  -1.49*A*D*G  -2.93*B*D*G  -0.46*A*E*G  -1.23*B*E*G  -4.86*D*E*G  +0.76*A*F*G  -3.10*B*F*G  -0.21*D*F*G  -5.98*E*F*G  -0.62*A*B*J  +11.43*B*D*J  -0.63*A*E*J  +13.84*B*E*J  -9.76*D*E*J  +6.78*B*F*J  +2.65*D*F*J  -3.99*E*F*J  -0.26*A*G*J  -3.97*B*G*J  +2.99*D*G*J  -4.40*E*G*J  +0.35*F*G*J  +0.17*A*B*K  -2.92*A*D*K  -1.86*B*D*K  +2.11*A*E*K  -10.62*D*E*K  -4.24*A*F*K  -2.79*B*F*K  +0.22*D*F*K  -9.15*E*F*K  -0.16*A*J*K  +0.78*B*J*K  -9.38*D*J*K  -10.84*E*J*K  -8.53*F*J*K  -4.08*A*B*D*E  +4.41*A*B*D*F  +3.44*A*B*E*F  -5.31*A*D*E*F  +8.94*B*D*E*F  +0.63*A*B*D*G  +0.90*A*B*E*G  -0.83*A*D*E*G  -1.31*B*D*E*G  -0.55*A*B*F*G  +2.22*A*D*F*G  -2.05*B*D*F*G  +1.86*A*E*F*G  -0.14*B*E*F*G  -5.28*D*E*F*G  -0.12*A*B*E*J  +14.06*B*D*E*J  +6.39*B*D*F*J  +7.74*B*E*F*J  -4.12*D*E*F*J  -0.26*A*B*G*J  -3.77*B*D*G*J  +0.14*A*E*G*J  -1.98*B*E*G*J  -4.04*D*E*G*J  -1.90*B*F*G*J  +0.08*D*F*G*J  -6.24*E*F*G*J  +0.42*A*B*D*K  +0.30*A*D*E*K  +1.89*A*B*F*K  -6.39*A*D*F*K  -4.74*B*D*F*K  -1.55*A*E*F*K  -8.24*D*E*F*K  -0.30*A*B*J*K  +0.53*B*D*J*K  -0.43*A*E*J*K  -10.01*D*E*J*K  -0.50*B*F*J*K  -8.58*D*F*J*K  -8.73*E*F*J*K  +3.56*A*B*D*E*F  +1.56*A*B*D*E*G  -1.46*A*B*D*F*G  -1.62*A*B*E*F*G  +1.21*A*D*E*F*G  -0.38*B*D*E*F*G  +7.97*B*D*E*F*J  +0.08*A*B*E*G*J  -2.09*B*D*E*G*J  -2.09*B*D*F*G*J  +0.17*B*E*F*G*J  -5.95*D*E*F*G*J  +2.74*A*B*D*F*K  -2.50*A*D*E*F*K  -0.37*B*D*F*J*K  -8.24*D*E*F*J*K  -1.13*A*B*D*E*F*G  +0.18*B*D*E*F*G*J "
"dram_write_transactions","0.39 -0.52*A  -0.46*B  +0.58*D  +0.92*E  +0.04*F  -0.51*G  +0.08*J  +0.22*K  +0.20*(A**2)  +0.16*(B**2)  +0.19*(D**2)  +0.19*(E**2)  +0.12*(F**2)  +0.01*A*B  -0.26*A*D  -0.17*B*D  -0.22*A*E  -0.55*B*E  +0.87*D*E  -0.25*A*F  -0.02*B*F  +0.21*D*F  +0.24*E*F  +0.25*A*G  +0.03*B*G  -0.55*D*G  -0.27*E*G  -0.25*F*G  -0.11*A*J  +0.26*B*J  +0.08*D*J  +0.13*E*J  +0.25*F*J  -0.35*G*J  +0.17*A*K  -0.30*B*K  -0.03*D*K  +0.31*E*K  +0.08*F*K  -0.12*J*K  -0.04*A*B*D  +0.05*A*B*E  -0.32*A*D*E  -0.34*B*D*E  +0.10*A*B*F  -0.15*A*D*F  -0.19*B*D*F  -0.30*A*E*F  -0.19*B*E*F  -0.01*D*E*F  -0.05*A*B*G  +0.35*A*D*G  +0.21*B*D*G  +0.17*A*E*G  +0.22*B*E*G  -0.25*D*E*G  +0.12*A*F*G  +0.11*B*F*G  +0.09*D*F*G  +0.02*E*F*G  -0.09*A*B*J  +0.14*B*D*J  -0.17*A*E*J  -0.09*B*E*J  -0.08*D*E*J  -0.08*B*F*J  +0.01*D*F*J  +0.11*E*F*J  +0.18*A*G*J  -0.02*B*G*J  -0.10*D*G*J  +0.13*E*G*J  -0.04*F*G*J  -0.00*A*B*K  +0.12*A*D*K  -0.03*B*D*K  +0.17*A*E*K  -0.04*D*E*K  -0.21*A*F*K  -0.03*B*F*K  +0.06*D*F*K  +0.10*E*F*K  -0.06*A*J*K  -0.15*B*J*K  -0.16*D*J*K  -0.04*E*J*K  +0.17*F*J*K  +0.15*A*B*D*E  +0.22*A*B*D*F  +0.28*A*B*E*F  -0.06*A*D*E*F  -0.03*B*D*E*F  -0.02*A*B*D*G  -0.01*A*B*E*G  +0.11*A*D*E*G  +0.09*B*D*E*G  -0.06*A*B*F*G  -0.13*A*D*F*G  -0.02*B*D*F*G  -0.10*A*E*F*G  +0.00*B*E*F*G  -0.22*D*E*F*G  +0.16*A*B*E*J  +0.04*B*D*E*J  -0.12*B*D*F*J  -0.18*B*E*F*J  +0.00*D*E*F*J  +0.02*A*B*G*J  -0.10*B*D*G*J  -0.11*A*E*G*J  -0.08*B*E*G*J  -0.04*D*E*G*J  +0.01*B*F*G*J  +0.05*D*F*G*J  +0.02*E*F*G*J  +0.10*A*B*D*K  +0.06*A*D*E*K  +0.10*A*B*F*K  -0.14*A*D*F*K  +0.03*B*D*F*K  -0.27*A*E*F*K  +0.04*D*E*F*K  +0.14*A*B*J*K  -0.08*B*D*J*K  -0.14*A*E*J*K  -0.12*D*E*J*K  -0.09*B*F*J*K  +0.11*D*F*J*K  +0.22*E*F*J*K  +0.07*A*B*D*E*F  -0.03*A*B*D*E*G  -0.07*A*B*D*F*G  -0.08*A*B*E*F*G  +0.07*A*D*E*F*G  +0.09*B*D*E*F*G  -0.05*B*D*E*F*J  -0.01*A*B*E*G*J  -0.03*B*D*E*G*J  +0.08*B*D*F*G*J  +0.08*B*E*F*G*J  -0.03*D*E*F*G*J  -0.07*A*B*D*F*K  -0.09*A*D*E*F*K  +0.06*B*D*F*J*K  +0.07*D*E*F*J*K  -0.08*A*B*D*E*F*G  +0.03*B*D*E*F*G*J "
"l2_utilization","2.5 -0.44*A  -0.85*B  +0.78*D  +0.62*E  +0.02*F  -0.16*G  -0.09*J  -0.09*K  +0.08*(A**2)  +0.24*(B**2)  -0.09*(D**2)  -0.07*(E**2)  -0.00*(F**2)  +0.03*A*B  -0.31*A*D  -0.20*B*D  -0.16*A*E  -0.06*B*E  +0.15*D*E  -0.00*A*F  -0.02*B*F  +0.06*D*F  -0.01*E*F  +0.09*A*G  +0.05*B*G  -0.09*D*G  -0.13*E*G  -0.05*F*G  -0.00*A*J  -0.05*B*J  +0.10*D*J  +0.08*E*J  -0.07*F*J  -0.06*G*J  -0.01*A*K  -0.04*B*K  +0.09*D*K  -0.02*E*K  +0.02*F*K  -0.03*J*K  +0.09*A*B*D  -0.01*A*B*E  -0.17*A*D*E  +0.02*B*D*E  +0.05*A*B*F  -0.01*A*D*F  -0.01*B*D*F  +0.00*A*E*F  +0.02*B*E*F  +0.04*D*E*F  -0.02*A*B*G  +0.08*A*D*G  +0.07*B*D*G  +0.10*A*E*G  +0.06*B*E*G  -0.14*D*E*G  +0.00*A*F*G  +0.06*B*F*G  -0.07*D*F*G  -0.09*E*F*G  +0.02*A*B*J  -0.09*B*D*J  +0.03*A*E*J  -0.05*B*E*J  +0.16*D*E*J  +0.02*B*F*J  -0.08*D*F*J  -0.09*E*F*J  +0.00*A*G*J  +0.04*B*G*J  -0.09*D*G*J  -0.12*E*G*J  -0.03*F*G*J  +0.03*A*B*K  -0.05*A*D*K  -0.06*B*D*K  -0.01*A*E*K  +0.07*D*E*K  +0.01*A*F*K  +0.01*B*F*K  +0.06*D*F*K  -0.00*E*F*K  +0.03*A*J*K  +0.00*B*J*K  -0.07*D*J*K  -0.09*E*J*K  -0.02*F*J*K  +0.03*A*B*D*E  +0.03*A*B*D*F  +0.04*A*B*E*F  -0.02*A*D*E*F  -0.01*B*D*E*F  -0.03*A*B*D*G  -0.01*A*B*E*G  +0.11*A*D*E*G  +0.09*B*D*E*G  -0.03*A*B*F*G  +0.01*A*D*F*G  +0.07*B*D*F*G  +0.01*A*E*F*G  +0.08*B*E*F*G  -0.08*D*E*F*G  -0.01*A*B*E*J  -0.04*B*D*E*J  +0.03*B*D*F*J  +0.04*B*E*F*J  -0.10*D*E*F*J  +0.00*A*B*G*J  +0.05*B*D*G*J  +0.01*A*E*G*J  +0.05*B*E*G*J  -0.09*D*E*G*J  +0.05*B*F*G*J  -0.03*D*F*G*J  -0.06*E*F*G*J  +0.05*A*B*D*K  -0.00*A*D*E*K  -0.01*A*B*F*K  -0.01*A*D*F*K  +0.00*B*D*F*K  +0.02*A*E*F*K  +0.07*D*E*F*K  -0.00*A*B*J*K  +0.02*B*D*J*K  +0.05*A*E*J*K  -0.02*D*E*J*K  +0.01*B*F*J*K  -0.02*D*F*J*K  -0.02*E*F*J*K  +0.05*A*B*D*E*F  -0.03*A*B*D*E*G  -0.02*A*B*D*F*G  -0.02*A*B*E*F*G  -0.00*A*D*E*F*G  +0.08*B*D*E*F*G  +0.04*B*D*E*F*J  +0.00*A*B*E*G*J  +0.05*B*D*E*G*J  +0.04*B*D*F*G*J  +0.07*B*E*F*G*J  -0.05*D*E*F*G*J  -0.01*A*B*D*F*K  -0.02*A*D*E*F*K  +0.01*B*D*F*J*K  -0.02*D*E*F*J*K  -0.02*A*B*D*E*F*G  +0.07*B*D*E*F*G*J "
"l2_read_transactions","116055.85 +43203.97*A  -69723.56*B  +390.99*D  +55129.12*E  +1519.39*F  -5614.87*G  -40412.17*J  -3063.48*K  +6298.13*(A**2)  +27072.59*(B**2)  +564.25*(D**2)  -2566.73*(E**2)  -89.26*(F**2)  -21083.26*A*B  +7173.62*A*D  -771.17*B*D  +31770.08*A*E  -15684.37*B*E  -605.51*D*E  -657.57*A*F  -956.77*B*F  +542.50*D*F  +1006.50*E*F  -3346.44*A*G  -6283.88*B*G  +694.49*D*G  -2192.53*E*G  +1264.72*F*G  -17984.95*A*J  +12366.45*B*J  -6908.79*D*J  -23682.69*E*J  +375.83*F*J  +6274.73*G*J  +917.76*A*K  -8079.04*B*K  +1208.81*D*K  -307.17*E*K  +994.78*F*K  +1978.85*J*K  -4057.78*A*B*D  -10390.04*A*B*E  +8247.55*A*D*E  -189.31*B*D*E  +586.89*A*B*F  -106.46*A*D*F  -43.48*B*D*F  -216.13*A*E*F  -238.55*B*E*F  +1104.37*D*E*F  +5398.28*A*B*G  -2993.48*A*D*G  +394.24*B*D*G  -2697.38*A*E*G  +1797.63*B*E*G  +57.24*D*E*G  -490.72*A*F*G  +422.60*B*F*G  +286.82*D*F*G  +823.29*E*F*G  +5391.44*A*B*J  +4051.16*B*D*J  -7833.07*A*E*J  +8199.37*B*E*J  -7956.21*D*E*J  -72.27*B*F*J  +337.96*D*F*J  +532.05*E*F*J  +340.07*A*G*J  -2714.86*B*G*J  +2968.24*D*G*J  +3149.19*E*G*J  +416.94*F*G*J  +3315.42*A*B*K  +1844.99*A*D*K  +216.12*B*D*K  +1561.12*A*E*K  +699.44*D*E*K  -629.90*A*F*K  +368.55*B*F*K  +134.79*D*F*K  +243.48*E*F*K  +563.15*A*J*K  -668.88*B*J*K  -1684.63*D*J*K  -1176.65*E*J*K  +55.37*F*J*K  -4835.83*A*B*D*E  +52.10*A*B*D*F  +155.52*A*B*E*F  -281.85*A*D*E*F  -314.11*B*D*E*F  +1815.51*A*B*D*G  +2073.75*A*B*E*G  -3095.95*A*D*E*G  +206.76*B*D*E*G  -271.97*A*B*F*G  +85.07*A*D*F*G  -47.49*B*D*F*G  -68.51*A*E*F*G  +67.48*B*E*F*G  +820.32*D*E*F*G  +1831.69*A*B*E*J  +4410.43*B*D*E*J  +38.58*B*D*F*J  -5.14*B*E*F*J  +560.13*D*E*F*J  -1056.48*A*B*G*J  -1861.96*B*D*G*J  -102.62*A*E*G*J  -2015.57*B*E*G*J  +3521.80*D*E*G*J  +19.48*B*F*G*J  +329.40*D*F*G*J  +549.94*E*F*G*J  -540.68*A*B*D*K  +1748.93*A*D*E*K  -213.25*A*B*F*K  -120.06*A*D*F*K  -135.28*B*D*F*K  -183.18*A*E*F*K  +368.13*D*E*F*K  -1156.03*A*B*J*K  +353.63*B*D*J*K  +124.70*A*E*J*K  -1156.85*D*E*J*K  +37.83*B*F*J*K  -38.00*D*F*J*K  -42.75*E*F*J*K  +189.45*A*B*D*E*F  +2361.09*A*B*D*E*G  +2.48*A*B*D*F*G  -49.07*A*B*E*F*G  -62.65*A*D*E*F*G  +101.77*B*D*E*F*G  -28.43*B*D*E*F*J  +100.62*A*B*E*G*J  -2183.66*B*D*E*G*J  -50.36*B*D*F*G*J  -10.72*B*E*F*G*J  +556.97*D*E*F*G*J  +77.86*A*B*D*F*K  -253.16*A*D*E*F*K  -25.39*B*D*F*J*K  -0.14*D*E*F*J*K  -62.53*A*B*D*E*F*G  +5.37*B*D*E*F*G*J "
"l2_write_transactions","3826.82 +1070.54*A  -7.29*B  -998.43*D  +635.06*E  -6.55*F  -160.74*G  -106.16*J  +40.45*K  +89.02*(A**2)  +0.08*(B**2)  +1364.61*(D**2)  +5.00*(E**2)  +8.57*(F**2)  +3.10*A*B  -1736.76*A*D  -10.22*B*D  -531.97*A*E  -1.82*B*E  +731.75*D*E  +9.84*A*F  -1.93*B*F  -84.75*D*F  -4.22*E*F  +157.37*A*G  -1.60*B*G  -205.49*D*G  -170.64*E*G  -44.31*F*G  -1011.33*A*J  -7.94*B*J  +1903.45*D*J  +366.11*E*J  +1.41*F*J  -91.97*G*J  -19.32*A*K  -0.05*B*K  +63.19*D*K  +40.95*E*K  +1.04*F*K  +41.95*J*K  +5.46*A*B*D  -1.54*A*B*E  -682.51*A*D*E  -11.23*B*D*E  +0.10*A*B*F  +62.70*A*D*F  +0.46*B*D*F  +7.42*A*E*F  -0.28*B*E*F  -8.08*D*E*F  +0.75*A*B*G  +204.55*A*D*G  +3.00*B*D*G  +165.66*A*E*G  +2.08*B*E*G  -174.06*D*E*G  +34.65*A*F*G  -1.41*B*F*G  -68.22*D*F*G  -51.83*E*F*G  +3.02*A*B*J  -6.58*B*D*J  -75.95*A*E*J  -0.47*B*E*J  +321.54*D*E*J  -1.52*B*F*J  -16.63*D*F*J  -8.04*E*F*J  +9.33*A*G*J  -1.59*B*G*J  -97.50*D*G*J  -84.15*E*G*J  -8.80*F*G*J  -0.43*A*B*K  -60.58*A*D*K  -1.23*B*D*K  -11.70*A*E*K  +78.18*D*E*K  -0.57*A*F*K  -0.52*B*F*K  -3.34*D*F*K  -4.31*E*F*K  -21.42*A*J*K  -0.79*B*J*K  +32.49*D*J*K  +50.42*E*J*K  +0.05*F*J*K  +11.05*A*B*D*E  +0.01*A*B*D*F  +0.49*A*B*E*F  +14.67*A*D*E*F  -1.04*B*D*E*F  -4.47*A*B*D*G  -0.40*A*B*E*G  +176.53*A*D*E*G  +1.99*B*D*E*G  -0.18*A*B*F*G  +53.63*A*D*F*G  -0.24*B*D*F*G  +36.28*A*E*F*G  +0.42*B*E*F*G  -70.08*D*E*F*G  +1.70*A*B*E*J  -2.82*B*D*E*J  -0.24*B*D*F*J  +0.13*B*E*F*J  -13.38*D*E*F*J  -0.38*A*B*G*J  +0.17*B*D*G*J  +0.53*A*E*G*J  +1.57*B*E*G*J  -92.35*D*E*G*J  -1.49*B*F*G*J  -15.83*D*F*G*J  -13.11*E*F*G*J  +0.41*A*B*D*K  -74.25*A*D*E*K  +0.29*A*B*F*K  +0.90*A*D*F*K  -0.61*B*D*F*K  +2.20*A*E*F*K  -0.59*D*E*F*K  +0.62*A*B*J*K  -1.04*B*D*J*K  -29.60*A*E*J*K  +37.21*D*E*J*K  -0.03*B*F*J*K  +0.77*D*F*J*K  -0.05*E*F*J*K  +0.53*A*B*D*E*F  -2.60*A*B*D*E*G  +0.18*A*B*D*F*G  +0.04*A*B*E*F*G  +52.67*A*D*E*F*G  +2.08*B*D*E*F*G  -0.01*B*D*E*F*J  -0.87*A*B*E*G*J  +2.16*B*D*E*G*J  -0.06*B*D*F*G*J  +0.22*B*E*F*G*J  -20.37*D*E*F*G*J  +0.29*A*B*D*F*K  -0.37*A*D*E*F*K  +0.01*B*D*F*J*K  +0.66*D*E*F*J*K  -1.14*A*B*D*E*F*G  +0.10*B*D*E*F*G*J "
"tex_utilization","3.6 -1.33*A  -1.59*B  +1.18*D  +1.31*E  -0.05*F  -0.04*G  +0.69*J  +0.42*K  +0.22*(A**2)  +0.36*(B**2)  -0.12*(D**2)  -0.05*(E**2)  -0.01*(F**2)  +0.25*A*B  -0.44*A*D  -0.39*B*D  -0.41*A*E  -0.29*B*E  +0.39*D*E  +0.02*A*F  +0.00*B*F  +0.03*D*F  -0.06*E*F  +0.06*A*G  +0.13*B*G  -0.03*D*G  -0.15*E*G  -0.06*F*G  -0.03*A*J  -0.23*B*J  +0.34*D*J  +0.39*E*J  -0.03*F*J  -0.13*G*J  -0.15*A*K  -0.07*B*K  +0.38*D*K  +0.23*E*K  +0.01*F*K  +0.13*J*K  +0.10*A*B*D  +0.00*A*B*E  -0.25*A*D*E  -0.10*B*D*E  -0.01*A*B*F  -0.02*A*D*F  -0.05*B*D*F  +0.02*A*E*F  -0.04*B*E*F  +0.00*D*E*F  -0.06*A*B*G  +0.06*A*D*G  +0.07*B*D*G  +0.06*A*E*G  +0.11*B*E*G  -0.16*D*E*G  +0.03*A*F*G  +0.01*B*F*G  -0.04*D*F*G  -0.07*E*F*G  -0.03*A*B*J  -0.17*B*D*J  -0.02*A*E*J  -0.13*B*E*J  +0.19*D*E*J  -0.01*B*F*J  -0.01*D*F*J  -0.03*E*F*J  +0.03*A*G*J  +0.08*B*G*J  -0.05*D*G*J  -0.14*E*G*J  -0.02*F*G*J  +0.00*A*B*K  -0.13*A*D*K  -0.09*B*D*K  -0.11*A*E*K  +0.22*D*E*K  -0.00*A*F*K  +0.00*B*F*K  +0.07*D*F*K  +0.01*E*F*K  -0.05*A*J*K  -0.05*B*J*K  +0.09*D*J*K  +0.00*E*J*K  +0.00*F*J*K  +0.03*A*B*D*E  +0.03*A*B*D*F  +0.01*A*B*E*F  -0.02*A*D*E*F  -0.05*B*D*E*F  -0.02*A*B*D*G  -0.02*A*B*E*G  +0.07*A*D*E*G  +0.11*B*D*E*G  -0.01*A*B*F*G  +0.01*A*D*F*G  +0.01*B*D*F*G  +0.03*A*E*F*G  +0.01*B*E*F*G  -0.05*D*E*F*G  +0.00*A*B*E*J  -0.08*B*D*E*J  -0.02*B*D*F*J  -0.02*B*E*F*J  -0.03*D*E*F*J  -0.01*A*B*G*J  +0.04*B*D*G*J  +0.01*A*E*G*J  +0.05*B*E*G*J  -0.12*D*E*G*J  -0.01*B*F*G*J  -0.02*D*F*G*J  -0.03*E*F*G*J  +0.04*A*B*D*K  -0.07*A*D*E*K  -0.00*A*B*F*K  -0.04*A*D*F*K  -0.00*B*D*F*K  -0.01*A*E*F*K  +0.07*D*E*F*K  +0.02*A*B*J*K  -0.05*B*D*J*K  -0.01*A*E*J*K  +0.01*D*E*J*K  +0.00*B*F*J*K  +0.01*D*F*J*K  +0.00*E*F*J*K  +0.02*A*B*D*E*F  -0.02*A*B*D*E*G  -0.01*A*B*D*F*G  -0.01*A*B*E*F*G  +0.02*A*D*E*F*G  +0.01*B*D*E*F*G  -0.02*B*D*E*F*J  +0.00*A*B*E*G*J  +0.06*B*D*E*G*J  -0.01*B*D*F*G*J  -0.02*B*E*F*G*J  -0.03*D*E*F*G*J  +0.00*A*B*D*F*K  -0.04*A*D*E*F*K  -0.00*B*D*F*J*K  +0.01*D*E*F*J*K  -0.01*A*B*D*E*F*G  -0.02*B*D*E*F*G*J "
"tex_cache_transactions","152316.82 -6245.50*A  -88882.43*B  +8618.36*D  +80020.34*E  +377.70*F  -2431.56*G  +549.41*J  +5173.61*K  +2044.87*(A**2)  +24770.09*(B**2)  +241.82*(D**2)  -2591.48*(E**2)  -64.54*(F**2)  +34.11*A*B  -120.20*A*D  -5439.45*B*D  -145.16*A*E  -24979.08*B*E  +9446.43*D*E  +50.86*A*F  +25.52*B*F  +336.78*D*F  +645.15*E*F  -42.30*A*G  +2276.71*B*G  -2413.69*D*G  -4992.72*E*G  +416.42*F*G  -8.88*A*J  -229.74*B*J  +657.09*D*J  +755.03*E*J  +283.34*F*J  +117.90*G*J  -79.72*A*K  -2020.83*B*K  +4069.53*D*K  +1944.56*E*K  -51.05*F*K  +482.51*J*K  +33.89*A*B*D  +76.62*A*B*E  -153.92*A*D*E  -6309.76*B*D*E  -15.31*A*B*F  +56.17*A*D*F  +25.28*B*D*F  +52.44*A*E*F  +51.05*B*E*F  +607.24*D*E*F  +4.20*A*B*G  -47.57*A*D*G  +2284.57*B*D*G  -12.12*A*E*G  +4297.54*B*E*G  -3359.87*D*E*G  +11.03*A*F*G  -0.00*B*F*G  +390.22*D*F*G  +737.40*E*F*G  -0.18*A*B*J  -227.52*B*D*J  -15.12*A*E*J  -476.30*B*E*J  +878.16*D*E*J  +2.55*B*F*J  +330.76*D*F*J  +550.51*E*F*J  -9.17*A*G*J  -8.40*B*G*J  +170.97*D*G*J  -75.26*E*G*J  +336.08*F*G*J  +42.51*A*B*K  -91.51*A*D*K  -870.31*B*D*K  -38.40*A*E*K  +3212.68*D*E*K  +30.63*A*F*K  +25.52*B*F*K  -68.54*D*F*K  -26.50*E*F*K  -11.14*A*J*K  -246.55*B*J*K  +615.00*D*J*K  +241.69*E*J*K  -5.10*F*J*K  +85.22*A*B*D*E  -15.17*A*B*D*F  -30.63*A*B*E*F  +73.93*A*D*E*F  +63.51*B*D*E*F  +8.72*A*B*D*G  -38.31*A*B*E*G  -6.12*A*D*E*G  +3154.88*B*D*E*G  +0.00*A*B*F*G  +24.10*A*D*F*G  +6.47*B*D*F*G  -2.91*A*E*F*G  -25.52*B*E*F*G  +722.66*D*E*F*G  +8.04*A*B*E*J  -572.04*B*D*E*J  +2.53*B*D*F*J  +5.10*B*E*F*J  +547.98*D*E*F*J  +4.20*A*B*G*J  -58.50*B*D*G*J  -0.79*A*E*G*J  +238.15*B*E*G*J  -119.70*D*E*G*J  +0.00*B*F*G*J  +336.10*D*F*G*J  +559.74*E*F*G*J  +51.33*A*B*D*K  -40.99*A*D*E*K  -15.31*A*B*F*K  +41.12*A*D*F*K  +38.23*B*D*F*K  +15.90*A*E*F*K  -30.98*D*E*F*K  +8.22*A*B*J*K  -344.52*B*D*J*K  -2.64*A*E*J*K  +270.61*D*E*J*K  +2.55*B*F*J*K  -6.85*D*F*J*K  -2.65*E*F*J*K  -38.11*A*B*D*E*F  -42.61*A*B*D*E*G  -3.88*A*B*D*F*G  +15.31*A*B*E*F*G  +4.67*A*D*E*F*G  -31.75*B*D*E*F*G  +6.35*B*D*E*F*J  -4.02*A*B*E*G*J  +286.02*B*D*E*G*J  +0.65*B*D*F*G*J  -2.55*B*E*F*G*J  +559.52*D*E*F*G*J  -22.94*A*B*D*F*K  +18.59*A*D*E*F*K  +3.82*B*D*F*J*K  -3.10*D*E*F*J*K  +19.05*A*B*D*E*F*G  -3.18*B*D*E*F*G*J "
"local_memory_overhead","0.03 -0.02*A  -0.01*B  +0.00*D  +0.00*E  -0.00*F  +0.02*G  +0.02*J  +0.01*K  -0.00*(A**2)  +0.00*(B**2)  +0.01*(D**2)  +0.01*(E**2)  -0.00*(F**2)  +0.01*A*B  +0.01*A*D  -0.00*B*D  +0.00*A*E  +0.01*B*E  +0.03*D*E  +0.00*A*F  +0.00*B*F  +0.00*D*F  -0.00*E*F  -0.01*A*G  -0.00*B*G  -0.02*D*G  -0.02*E*G  -0.00*F*G  -0.01*A*J  -0.01*B*J  +0.01*D*J  +0.00*E*J  -0.00*F*J  +0.01*G*J  -0.01*A*K  -0.00*B*K  +0.01*D*K  +0.01*E*K  +0.00*F*K  +0.01*J*K  -0.00*A*B*D  -0.00*A*B*E  -0.00*A*D*E  +0.00*B*D*E  -0.00*A*B*F  -0.00*A*D*F  -0.00*B*D*F  -0.00*A*E*F  -0.00*B*E*F  -0.01*D*E*F  +0.00*A*B*G  +0.01*A*D*G  +0.00*B*D*G  +0.01*A*E*G  +0.00*B*E*G  +0.00*D*E*G  +0.00*A*F*G  +0.00*B*F*G  +0.00*D*F*G  -0.00*E*F*G  +0.00*A*B*J  -0.01*B*D*J  -0.00*A*E*J  +0.01*B*E*J  +0.01*D*E*J  +0.00*B*F*J  -0.00*D*F*J  -0.00*E*F*J  -0.01*A*G*J  -0.00*B*G*J  +0.00*D*G*J  -0.01*E*G*J  -0.00*F*G*J  +0.00*A*B*K  +0.00*A*D*K  -0.00*B*D*K  -0.01*A*E*K  +0.00*D*E*K  -0.00*A*F*K  -0.00*B*F*K  -0.00*D*F*K  +0.00*E*F*K  -0.00*A*J*K  -0.00*B*J*K  +0.01*D*J*K  +0.01*E*J*K  +0.00*F*J*K  +0.00*A*B*D*E  +0.00*A*B*D*F  +0.00*A*B*E*F  +0.00*A*D*E*F  +0.00*B*D*E*F  -0.00*A*B*D*G  -0.00*A*B*E*G  -0.01*A*D*E*G  -0.00*B*D*E*G  -0.00*A*B*F*G  -0.00*A*D*F*G  -0.00*B*D*F*G  -0.00*A*E*F*G  -0.00*B*E*F*G  -0.01*D*E*F*G  -0.00*A*B*E*J  +0.00*B*D*E*J  -0.00*B*D*F*J  -0.00*B*E*F*J  -0.00*D*E*F*J  +0.00*A*B*G*J  -0.00*B*D*G*J  +0.00*A*E*G*J  +0.01*B*E*G*J  -0.00*D*E*G*J  +0.00*B*F*G*J  -0.00*D*F*G*J  -0.00*E*F*G*J  -0.00*A*B*D*K  +0.00*A*D*E*K  +0.00*A*B*F*K  +0.00*A*D*F*K  +0.00*B*D*F*K  -0.00*A*E*F*K  -0.00*D*E*F*K  +0.00*A*B*J*K  -0.00*B*D*J*K  -0.00*A*E*J*K  +0.01*D*E*J*K  -0.00*B*F*J*K  -0.00*D*F*J*K  +0.00*E*F*J*K  -0.00*A*B*D*E*F  +0.00*A*B*D*E*G  +0.00*A*B*D*F*G  +0.00*A*B*E*F*G  +0.00*A*D*E*F*G  +0.00*B*D*E*F*G  +0.00*B*D*E*F*J  -0.00*A*B*E*G*J  +0.00*B*D*E*G*J  -0.00*B*D*F*G*J  -0.00*B*E*F*G*J  -0.00*D*E*F*G*J  -0.00*A*B*D*F*K  +0.00*A*D*E*F*K  +0.00*B*D*F*J*K  -0.00*D*E*F*J*K  -0.00*A*B*D*E*F*G  +0.00*B*D*E*F*G*J "
"shared_utilization","1.5 -0.86*A  -0.18*B  +0.63*D  +0.16*E  -0.14*F  +0.06*G  +0.11*J  +0.23*K  +0.28*(A**2)  +0.05*(B**2)  +0.01*(D**2)  +0.01*(E**2)  +0.01*(F**2)  +0.05*A*B  -0.36*A*D  -0.04*B*D  -0.11*A*E  -0.02*B*E  +0.11*D*E  +0.08*A*F  +0.04*B*F  -0.16*D*F  -0.12*E*F  -0.02*A*G  -0.03*B*G  +0.06*D*G  +0.02*E*G  +0.00*F*G  -0.04*A*J  +0.04*B*J  +0.05*D*J  +0.00*E*J  -0.01*F*J  +0.00*G*J  -0.12*A*K  -0.05*B*K  +0.22*D*K  +0.14*E*K  -0.05*F*K  +0.03*J*K  +0.03*A*B*D  +0.01*A*B*E  -0.09*A*D*E  -0.00*B*D*E  -0.03*A*B*F  +0.10*A*D*F  +0.00*B*D*F  +0.07*A*E*F  +0.01*B*E*F  -0.12*D*E*F  +0.01*A*B*G  -0.03*A*D*G  -0.02*B*D*G  -0.01*A*E*G  -0.00*B*E*G  +0.02*D*E*G  -0.00*A*F*G  +0.01*B*F*G  +0.00*D*F*G  +0.01*E*F*G  -0.03*A*B*J  -0.00*B*D*J  +0.01*A*E*J  +0.01*B*E*J  +0.03*D*E*J  +0.00*B*F*J  -0.02*D*F*J  -0.02*E*F*J  -0.00*A*G*J  -0.01*B*G*J  -0.00*D*G*J  -0.01*E*G*J  -0.00*F*G*J  +0.02*A*B*K  -0.13*A*D*K  -0.05*B*D*K  -0.08*A*E*K  +0.13*D*E*K  +0.03*A*F*K  -0.00*B*F*K  -0.06*D*F*K  -0.05*E*F*K  -0.01*A*J*K  -0.01*B*J*K  +0.02*D*J*K  +0.02*E*J*K  -0.01*F*J*K  +0.01*A*B*D*E  -0.00*A*B*D*F  -0.01*A*B*E*F  +0.07*A*D*E*F  +0.01*B*D*E*F  +0.01*A*B*D*G  +0.00*A*B*E*G  -0.01*A*D*E*G  -0.01*B*D*E*G  -0.00*A*B*F*G  -0.00*A*D*F*G  +0.01*B*D*F*G  -0.01*A*E*F*G  +0.01*B*E*F*G  +0.02*D*E*F*G  -0.01*A*B*E*J  -0.00*B*D*E*J  +0.00*B*D*F*J  +0.00*B*E*F*J  -0.02*D*E*F*J  +0.00*A*B*G*J  -0.00*B*D*G*J  +0.00*A*E*G*J  +0.00*B*E*G*J  -0.00*D*E*G*J  +0.00*B*F*G*J  -0.00*D*F*G*J  -0.00*E*F*G*J  +0.03*A*B*D*K  -0.08*A*D*E*K  +0.00*A*B*F*K  +0.04*A*D*F*K  +0.00*B*D*F*K  +0.03*A*E*F*K  -0.06*D*E*F*K  +0.01*A*B*J*K  -0.00*B*D*J*K  -0.00*A*E*J*K  +0.01*D*E*J*K  -0.00*B*F*J*K  -0.01*D*F*J*K  -0.00*E*F*J*K  -0.00*A*B*D*E*F  +0.00*A*B*D*E*G  -0.01*A*B*D*F*G  -0.00*A*B*E*F*G  -0.01*A*D*E*F*G  +0.00*B*D*E*F*G  +0.00*B*D*E*F*J  -0.00*A*B*E*G*J  -0.00*B*D*E*G*J  +0.00*B*D*F*G*J  +0.00*B*E*F*G*J  -0.00*D*E*F*G*J  -0.00*A*B*D*F*K  +0.04*A*D*E*F*K  +0.00*B*D*F*J*K  -0.01*D*E*F*J*K  -0.00*A*B*D*E*F*G  +0.00*B*D*E*F*G*J "
"shared_efficiency","20.54 +0.03*A  +7.70*B  -10.95*D  -4.00*E  -0.16*F  -0.26*G  -0.23*J  -1.23*K  -0.00*(A**2)  -3.69*(B**2)  +3.69*(D**2)  -0.76*(E**2)  -0.00*(F**2)  -0.01*A*B  +0.03*A*D  -0.29*B*D  -0.00*A*E  +2.19*B*E  +2.07*D*E  -0.00*A*F  +0.16*B*F  -0.16*D*F  -0.28*E*F  -0.00*A*G  +0.68*B*G  -0.77*D*G  +0.32*E*G  -0.18*F*G  +0.01*A*J  +0.09*B*J  -0.35*D*J  -0.11*E*J  -0.13*F*J  -0.05*G*J  +0.03*A*K  +0.60*B*K  -0.42*D*K  -0.34*E*K  +0.02*F*K  -0.19*J*K  -0.01*A*B*D  +0.01*A*B*E  -0.00*A*D*E  -0.94*B*D*E  -0.00*A*B*F  -0.02*A*D*F  +0.16*B*D*F  +0.01*A*E*F  +0.26*B*E*F  -0.29*D*E*F  +0.01*A*B*G  -0.00*A*D*G  -0.03*B*D*G  -0.04*A*E*G  -0.19*B*E*G  +0.25*D*E*G  +0.00*A*F*G  +0.16*B*F*G  -0.18*D*F*G  -0.30*E*F*G  -0.00*A*B*J  +0.14*B*D*J  +0.00*A*E*J  -0.01*B*E*J  -0.15*D*E*J  +0.11*B*F*J  -0.12*D*F*J  -0.22*E*F*J  +0.00*A*G*J  +0.00*B*G*J  -0.09*D*G*J  +0.12*E*G*J  -0.13*F*G*J  -0.02*A*B*K  +0.04*A*D*K  +0.48*B*D*K  +0.01*A*E*K  +0.31*D*E*K  -0.01*A*F*K  -0.01*B*F*K  +0.03*D*F*K  +0.00*E*F*K  +0.01*A*J*K  +0.09*B*J*K  -0.30*D*J*K  -0.04*E*J*K  +0.00*F*J*K  +0.02*A*B*D*E  +0.00*A*B*D*F  -0.01*A*B*E*F  +0.00*A*D*E*F  +0.28*B*D*E*F  +0.01*A*B*D*G  +0.01*A*B*E*G  -0.05*A*D*E*G  -0.18*B*D*E*G  -0.01*A*B*F*G  +0.00*A*D*F*G  +0.18*B*D*F*G  +0.02*A*E*F*G  +0.26*B*E*F*G  -0.32*D*E*F*G  +0.00*A*B*E*J  -0.02*B*D*E*J  +0.10*B*D*F*J  +0.19*B*E*F*J  -0.21*D*E*F*J  +0.00*A*B*G*J  -0.00*B*D*G*J  -0.00*A*E*G*J  +0.00*B*E*G*J  +0.17*D*E*G*J  +0.11*B*F*G*J  -0.12*D*F*G*J  -0.22*E*F*G*J  -0.02*A*B*D*K  +0.01*A*D*E*K  +0.01*A*B*F*K  -0.02*A*D*F*K  -0.01*B*D*F*K  -0.00*A*E*F*K  +0.01*D*E*F*K  -0.00*A*B*J*K  +0.14*B*D*J*K  +0.00*A*E*J*K  -0.09*D*E*J*K  -0.00*B*F*J*K  +0.00*D*F*J*K  +0.00*E*F*J*K  -0.01*A*B*D*E*F  +0.01*A*B*D*E*G  -0.00*A*B*D*F*G  -0.01*A*B*E*F*G  +0.02*A*D*E*F*G  +0.27*B*D*E*F*G  +0.18*B*D*E*F*J  +0.00*A*B*E*G*J  -0.01*B*D*E*G*J  +0.10*B*D*F*G*J  +0.19*B*E*F*G*J  -0.21*D*E*F*G*J  +0.01*A*B*D*F*K  -0.01*A*D*E*F*K  -0.00*B*D*F*J*K  +0.00*D*E*F*J*K  -0.01*A*B*D*E*F*G  +0.18*B*D*E*F*G*J "
"shared_load_transactions","24663.38 -14346.25*A  -7518.74*B  +14659.49*D  +9612.08*E  -744.36*F  -1249.96*G  +637.00*J  +1763.47*K  +3506.62*(A**2)  +1769.50*(B**2)  -464.27*(D**2)  +696.40*(E**2)  +5.04*(F**2)  +1454.47*A*B  -4861.90*A*D  -2638.60*B*D  -3398.09*A*E  -4812.90*B*E  +5955.07*D*E  +541.71*A*F  +267.94*B*F  -1052.49*D*F  -776.36*E*F  +627.58*A*G  +773.14*B*G  -1378.14*D*G  -1415.60*E*G  +347.91*F*G  -205.09*A*J  +58.34*B*J  +248.74*D*J  +289.96*E*J  -23.67*F*J  -8.36*G*J  -323.26*A*K  -482.65*B*K  +598.33*D*K  +1070.36*E*K  -76.12*F*K  +86.85*J*K  +989.19*A*B*D  +1550.64*A*B*E  -2508.15*A*D*E  -2773.36*B*D*E  -240.70*A*B*F  +734.45*A*D*F  +149.56*B*D*F  +628.40*A*E*F  +178.19*B*E*F  -621.84*D*E*F  -390.52*A*B*G  +504.72*A*D*G  +850.12*B*D*G  +398.69*A*E*G  +905.29*B*E*G  -1236.52*D*E*G  -112.35*A*F*G  -234.52*B*F*G  +280.45*D*F*G  +450.22*E*F*G  -98.32*A*B*J  -110.56*B*D*J  +127.26*A*E*J  +61.30*B*E*J  +595.50*D*E*J  -39.55*B*F*J  -64.86*D*F*J  -1.31*E*F*J  -28.43*A*G*J  -56.30*B*G*J  -61.90*D*G*J  -58.43*E*G*J  +81.74*F*G*J  -14.99*A*B*K  -388.10*A*D*K  -33.84*B*D*K  -327.68*A*E*K  +506.61*D*E*K  +45.67*A*F*K  -4.16*B*F*K  -127.19*D*F*K  -67.63*E*F*K  -35.55*A*J*K  -10.63*B*J*K  +58.29*D*J*K  +74.80*E*J*K  -7.61*F*J*K  +1044.67*A*B*D*E  -170.24*A*B*D*F  -243.93*A*B*E*F  +547.90*A*D*E*F  +38.48*B*D*E*F  -295.22*A*B*D*G  -264.38*A*B*E*G  +439.96*A*D*E*G  +783.04*B*D*E*G  +60.77*A*B*F*G  -65.32*A*D*F*G  -183.24*B*D*F*G  -107.55*A*E*F*G  -315.95*B*E*F*G  +448.39*D*E*F*G  -114.74*A*B*E*J  -141.79*B*D*E*J  -50.83*B*D*F*J  -88.97*B*E*F*J  +1.92*D*E*F*J  +25.64*A*B*G*J  -16.40*B*D*G*J  +10.65*A*E*G*J  -32.08*B*E*G*J  -37.07*D*E*G*J  -89.80*B*F*G*J  +68.44*D*F*G*J  +121.35*E*F*G*J  +22.44*A*B*D*K  -381.80*A*D*E*K  +2.49*A*B*F*K  +76.31*A*D*F*K  +8.78*B*D*F*K  +40.58*A*E*F*K  -126.55*D*E*F*K  +7.08*A*B*J*K  +0.12*B*D*J*K  -43.62*A*E*J*K  +31.21*D*E*J*K  -0.42*B*F*J*K  -12.72*D*F*J*K  -6.76*E*F*J*K  -163.57*A*B*D*E*F  -284.61*A*B*D*E*G  +29.44*A*B*D*F*G  +52.55*A*B*E*F*G  -94.24*A*D*E*F*G  -311.89*B*D*E*F*G  -99.48*B*D*E*F*J  -4.95*A*B*E*G*J  -47.86*B*D*E*G*J  -84.11*B*D*F*G*J  -138.39*B*E*F*G*J  +108.95*D*E*F*G*J  -5.27*A*B*D*F*K  +75.93*A*D*E*F*K  +0.88*B*D*F*J*K  -12.65*D*E*F*J*K  +46.65*A*B*D*E*F*G  -134.51*B*D*E*F*G*J "
"shared_store_transactions","1386.26 -1772.74*A  -414.99*B  -644.74*D  -743.28*E  +111.46*F  +212.17*G  +62.42*J  -191.20*K  +710.65*(A**2)  +753.56*(B**2)  -28.69*(D**2)  -10.43*(E**2)  -2.23*(F**2)  -274.19*A*B  +138.34*A*D  +372.29*B*D  +241.55*A*E  +434.13*B*E  -604.55*D*E  -64.73*A*F  -82.23*B*F  +36.66*D*F  +84.19*E*F  +27.84*A*G  -513.57*B*G  +368.74*D*G  +311.16*E*G  +18.85*F*G  -56.16*A*J  -61.33*B*J  -32.89*D*J  +15.99*E*J  +10.12*F*J  +55.33*G*J  +154.70*A*K  +64.99*B*K  +56.86*D*K  -93.74*E*K  +53.63*F*K  +68.86*J*K  -86.25*A*B*D  -150.65*A*B*E  +127.88*A*D*E  +351.40*B*D*E  +49.34*A*B*F  -20.08*A*D*F  -20.21*B*D*F  -48.21*A*E*F  -50.64*B*E*F  +48.17*D*E*F  +95.30*A*B*G  -99.71*A*D*G  -227.11*B*D*G  -96.93*A*E*G  -217.06*B*E*G  +246.26*D*E*G  -9.74*A*F*G  +26.39*B*F*G  -21.12*D*F*G  -23.14*E*F*G  +46.08*A*B*J  +14.00*B*D*J  -29.03*A*E*J  +2.91*B*E*J  -35.81*D*E*J  -8.22*B*F*J  +3.99*D*F*J  +9.85*E*F*J  -31.06*A*G*J  +9.66*B*G*J  -0.07*D*G*J  -5.83*E*G*J  +2.55*F*G*J  -83.58*A*B*K  -41.22*A*D*K  -81.94*B*D*K  +29.36*A*E*K  -63.75*D*E*K  -32.18*A*F*K  -29.45*B*F*K  -10.97*D*F*K  +9.80*E*F*K  -50.29*A*J*K  -42.01*B*J*K  -20.61*D*J*K  +7.06*E*J*K  +5.36*F*J*K  -88.50*A*B*D*E  +12.13*A*B*D*F  +30.38*A*B*E*F  -26.25*A*D*E*F  -33.35*B*D*E*F  +60.32*A*B*D*G  +75.33*A*B*E*G  -48.19*A*D*E*G  -175.70*B*D*E*G  -15.83*A*B*F*G  +14.59*A*D*F*G  +14.24*B*D*F*G  +16.18*A*E*F*G  +25.32*B*E*F*G  -8.29*D*E*F*G  +14.10*A*B*E*J  +30.79*B*D*E*J  -2.02*B*D*F*J  -5.06*B*E*F*J  +5.89*D*E*F*J  -8.39*A*B*G*J  -1.66*B*D*G*J  +12.02*A*E*G*J  -1.46*B*E*G*J  +17.27*D*E*G*J  +2.64*B*F*G*J  -1.79*D*F*G*J  -0.88*E*F*G*J  +34.38*A*B*D*K  +9.65*A*D*E*K  +17.67*A*B*F*K  +6.58*A*D*F*K  +8.26*B*D*F*K  -5.88*A*E*F*K  +0.96*D*E*F*K  +29.29*A*B*J*K  +10.68*B*D*J*K  -6.96*A*E*J*K  -3.55*D*E*J*K  -2.95*B*F*J*K  -1.10*D*F*J*K  +0.98*E*F*J*K  +20.01*A*B*D*E*F  +44.25*A*B*D*E*G  -8.54*A*B*D*F*G  -15.19*A*B*E*F*G  +7.63*A*D*E*F*G  +16.67*B*D*E*F*G  -3.33*B*D*E*F*J  -7.05*A*B*E*G*J  -15.39*B*D*E*G*J  +1.42*B*D*F*G*J  +2.53*B*E*F*G*J  +0.24*D*E*F*G*J  -4.96*A*B*D*F*K  -0.58*A*D*E*F*K  +0.83*B*D*F*J*K  +0.10*D*E*F*J*K  -10.00*A*B*D*E*F*G  +1.67*B*D*E*F*G*J "
"local_load_transactions","0 +0.00*A  +0.00*B  +0.00*D  +0.00*E  -0.00*F  +0.00*G  -0.00*J  +0.00*K  -0.00*(A**2)  +0.00*(B**2)  -0.00*(D**2)  -0.00*(E**2)  +0.00*(F**2)  -0.00*A*B  -0.00*A*D  -0.00*B*D  +0.00*A*E  +0.00*B*E  +0.00*D*E  +0.00*A*F  -0.00*B*F  +0.00*D*F  -0.00*E*F  +0.00*A*G  -0.00*B*G  -0.00*D*G  +0.00*E*G  -0.00*F*G  +0.00*A*J  +0.00*B*J  +0.00*D*J  +0.00*E*J  -0.00*F*J  -0.00*G*J  -0.00*A*K  +0.00*B*K  +0.00*D*K  -0.00*E*K  -0.00*F*K  +0.00*J*K  -0.00*A*B*D  -0.00*A*B*E  -0.00*A*D*E  +0.00*B*D*E  -0.00*A*B*F  +0.00*A*D*F  +0.00*B*D*F  +0.00*A*E*F  -0.00*B*E*F  -0.00*D*E*F  +0.00*A*B*G  -0.00*A*D*G  +0.00*B*D*G  -0.00*A*E*G  +0.00*B*E*G  +0.00*D*E*G  -0.00*A*F*G  +0.00*B*F*G  -0.00*D*F*G  -0.00*E*F*G  -0.00*A*B*J  +0.00*B*D*J  -0.00*A*E*J  +0.00*B*E*J  +0.00*D*E*J  +0.00*B*F*J  -0.00*D*F*J  -0.00*E*F*J  -0.00*A*G*J  +0.00*B*G*J  +0.00*D*G*J  -0.00*E*G*J  +0.00*F*G*J  -0.00*A*B*K  -0.00*A*D*K  -0.00*B*D*K  -0.00*A*E*K  -0.00*D*E*K  -0.00*A*F*K  -0.00*B*F*K  +0.00*D*F*K  +0.00*E*F*K  -0.00*A*J*K  -0.00*B*J*K  +0.00*D*J*K  -0.00*E*J*K  +0.00*F*J*K  -0.00*A*B*D*E  +0.00*A*B*D*F  +0.00*A*B*E*F  -0.00*A*D*E*F  +0.00*B*D*E*F  +0.00*A*B*D*G  -0.00*A*B*E*G  -0.00*A*D*E*G  -0.00*B*D*E*G  +0.00*A*B*F*G  -0.00*A*D*F*G  -0.00*B*D*F*G  +0.00*A*E*F*G  -0.00*B*E*F*G  -0.00*D*E*F*G  +0.00*A*B*E*J  +0.00*B*D*E*J  +0.00*B*D*F*J  +0.00*B*E*F*J  +0.00*D*E*F*J  +0.00*A*B*G*J  +0.00*B*D*G*J  -0.00*A*E*G*J  +0.00*B*E*G*J  +0.00*D*E*G*J  +0.00*B*F*G*J  +0.00*D*F*G*J  -0.00*E*F*G*J  +0.00*A*B*D*K  +0.00*A*D*E*K  +0.00*A*B*F*K  +0.00*A*D*F*K  +0.00*B*D*F*K  -0.00*A*E*F*K  +0.00*D*E*F*K  -0.00*A*B*J*K  +0.00*B*D*J*K  +0.00*A*E*J*K  -0.00*D*E*J*K  +0.00*B*F*J*K  -0.00*D*F*J*K  -0.00*E*F*J*K  -0.00*A*B*D*E*F  -0.00*A*B*D*E*G  -0.00*A*B*D*F*G  +0.00*A*B*E*F*G  +0.00*A*D*E*F*G  +0.00*B*D*E*F*G  +0.00*B*D*E*F*J  +0.00*A*B*E*G*J  -0.00*B*D*E*G*J  +0.00*B*D*F*G*J  +0.00*B*E*F*G*J  +0.00*D*E*F*G*J  +0.00*A*B*D*F*K  +0.00*A*D*E*F*K  -0.00*B*D*F*J*K  +0.00*D*E*F*J*K  +0.00*A*B*D*E*F*G  +0.00*B*D*E*F*G*J "
"local_store_transactions","6.65 -1.90*A  -2.64*B  -1.80*D  +1.70*E  -1.58*F  +4.88*G  +1.07*J  +2.38*K  -2.08*(A**2)  +1.06*(B**2)  +5.18*(D**2)  +5.82*(E**2)  -0.20*(F**2)  +1.22*A*B  +5.79*A*D  -0.26*B*D  +0.87*A*E  +1.40*B*E  +16.12*D*E  +0.35*A*F  +0.89*B*F  +0.13*D*F  -1.43*E*F  -3.96*A*G  +0.25*B*G  -11.95*D*G  -10.00*E*G  -0.88*F*G  +0.09*A*J  -1.15*B*J  +2.11*D*J  +0.89*E*J  -0.90*F*J  +0.53*G*J  -1.56*A*K  -0.94*B*K  +0.01*D*K  +1.87*E*K  +0.16*F*K  +2.20*J*K  -2.45*A*B*D  -1.88*A*B*E  -1.66*A*D*E  -0.55*B*D*E  -0.49*A*B*F  -0.80*A*D*F  -0.37*B*D*F  -0.19*A*E*F  +0.24*B*E*F  -3.06*D*E*F  +0.23*A*B*G  +4.91*A*D*G  +0.90*B*D*G  +2.98*A*E*G  +0.47*B*E*G  +1.46*D*E*G  -0.12*A*F*G  +0.97*B*F*G  +0.27*D*F*G  -1.74*E*F*G  +0.17*A*B*J  -1.17*B*D*J  -0.89*A*E*J  +2.16*B*E*J  -0.47*D*E*J  +0.05*B*F*J  -0.52*D*F*J  -1.17*E*F*J  -0.02*A*G*J  +0.37*B*G*J  +0.49*D*G*J  +0.11*E*G*J  -0.68*F*G*J  +0.61*A*B*K  +1.81*A*D*K  -0.67*B*D*K  -1.12*A*E*K  -1.21*D*E*K  -0.09*A*F*K  -0.08*B*F*K  -0.31*D*F*K  +0.12*E*F*K  -0.80*A*J*K  -0.77*B*J*K  +1.45*D*J*K  +1.54*E*J*K  +0.02*F*J*K  +1.08*A*B*D*E  +0.28*A*B*D*F  -0.08*A*B*E*F  +0.69*A*D*E*F  +0.70*B*D*E*F  -0.75*A*B*D*G  -0.16*A*B*E*G  -2.94*A*D*E*G  -2.62*B*D*E*G  -0.54*A*B*F*G  -0.88*A*D*F*G  -0.67*B*D*F*G  -0.01*A*E*F*G  -0.05*B*E*F*G  -2.92*D*E*F*G  -0.49*A*B*E*J  +1.46*B*D*E*J  -0.10*B*D*F*J  -0.04*B*E*F*J  -1.24*D*E*F*J  -0.44*A*B*G*J  -0.14*B*D*G*J  -0.08*A*E*G*J  +0.37*B*E*G*J  +0.12*D*E*G*J  +0.05*B*F*G*J  -0.50*D*F*G*J  -1.20*E*F*G*J  -0.27*A*B*D*K  +1.65*A*D*E*K  +0.05*A*B*F*K  +0.18*A*D*F*K  +0.04*B*D*F*K  -0.07*A*E*F*K  -0.25*D*E*F*K  +0.24*A*B*J*K  -0.61*B*D*J*K  -0.67*A*E*J*K  +0.69*D*E*J*K  -0.01*B*F*J*K  -0.03*D*F*J*K  +0.01*E*F*J*K  -0.35*A*B*D*E*F  +1.49*A*B*D*E*G  +0.46*A*B*D*F*G  +0.09*A*B*E*F*G  +0.61*A*D*E*F*G  +0.61*B*D*E*F*G  -0.00*B*D*E*F*J  -0.22*A*B*E*G*J  -0.17*B*D*E*G*J  -0.13*B*D*F*G*J  -0.06*B*E*F*G*J  -1.23*D*E*F*G*J  -0.02*A*B*D*F*K  +0.15*A*D*E*F*K  +0.00*B*D*F*J*K  -0.02*D*E*F*J*K  -0.29*A*B*D*E*F*G  -0.01*B*D*E*F*G*J "
"achieved_occupancy","0.18 -0.07*A  -0.07*B  +0.11*D  +0.11*E  -0.01*F  -0.01*G  -0.00*J  -0.00*K  +0.02*(A**2)  +0.02*(B**2)  -0.00*(D**2)  -0.00*(E**2)  +0.00*(F**2)  +0.02*A*B  -0.03*A*D  -0.02*B*D  -0.03*A*E  -0.03*B*E  +0.07*D*E  +0.01*A*F  +0.01*B*F  -0.01*D*F  -0.01*E*F  +0.01*A*G  +0.01*B*G  -0.01*D*G  -0.01*E*G  -0.00*F*G  +0.00*A*J  +0.01*B*J  +0.00*D*J  -0.00*E*J  -0.00*F*J  -0.00*G*J  +0.00*A*K  +0.00*B*K  -0.00*D*K  +0.00*E*K  -0.00*F*K  -0.00*J*K  +0.01*A*B*D  +0.01*A*B*E  -0.02*A*D*E  -0.02*B*D*E  -0.01*A*B*F  +0.01*A*D*F  +0.00*B*D*F  +0.01*A*E*F  +0.01*B*E*F  -0.01*D*E*F  -0.01*A*B*G  +0.01*A*D*G  +0.01*B*D*G  +0.00*A*E*G  +0.01*B*E*G  -0.01*D*E*G  +0.00*A*F*G  +0.00*B*F*G  -0.00*D*F*G  -0.00*E*F*G  -0.00*A*B*J  -0.00*B*D*J  +0.00*A*E*J  +0.00*B*E*J  +0.00*D*E*J  +0.00*B*F*J  -0.00*D*F*J  -0.00*E*F*J  +0.00*A*G*J  +0.00*B*G*J  -0.00*D*G*J  -0.00*E*G*J  +0.00*F*G*J  -0.00*A*B*K  +0.00*A*D*K  +0.00*B*D*K  -0.00*A*E*K  +0.00*D*E*K  +0.00*A*F*K  +0.00*B*F*K  +0.00*D*F*K  -0.00*E*F*K  +0.00*A*J*K  +0.00*B*J*K  -0.00*D*J*K  -0.00*E*J*K  -0.00*F*J*K  +0.01*A*B*D*E  -0.00*A*B*D*F  -0.00*A*B*E*F  +0.00*A*D*E*F  +0.00*B*D*E*F  -0.00*A*B*D*G  -0.00*A*B*E*G  +0.00*A*D*E*G  +0.01*B*D*E*G  -0.00*A*B*F*G  +0.00*A*D*F*G  +0.00*B*D*F*G  +0.00*A*E*F*G  +0.00*B*E*F*G  -0.00*D*E*F*G  -0.00*A*B*E*J  -0.00*B*D*E*J  +0.00*B*D*F*J  +0.00*B*E*F*J  -0.00*D*E*F*J  -0.00*A*B*G*J  +0.00*B*D*G*J  +0.00*A*E*G*J  +0.00*B*E*G*J  -0.00*D*E*G*J  +0.00*B*F*G*J  +0.00*D*F*G*J  +0.00*E*F*G*J  -0.00*A*B*D*K  -0.00*A*D*E*K  -0.00*A*B*F*K  -0.00*A*D*F*K  +0.00*B*D*F*K  -0.00*A*E*F*K  +0.00*D*E*F*K  -0.00*A*B*J*K  +0.00*B*D*J*K  +0.00*A*E*J*K  -0.00*D*E*J*K  +0.00*B*F*J*K  -0.00*D*F*J*K  -0.00*E*F*J*K  -0.00*A*B*D*E*F  -0.00*A*B*D*E*G  -0.00*A*B*D*F*G  -0.00*A*B*E*F*G  +0.00*A*D*E*F*G  +0.00*B*D*E*F*G  +0.00*B*D*E*F*J  -0.00*A*B*E*G*J  -0.00*B*D*E*G*J  -0.00*B*D*F*G*J  +0.00*B*E*F*G*J  +0.00*D*E*F*G*J  -0.00*A*B*D*F*K  -0.00*A*D*E*F*K  +0.00*B*D*F*J*K  -0.00*D*E*F*J*K  -0.00*A*B*D*E*F*G  +0.00*B*D*E*F*G*J "
"sm_efficiency","75.78 -15.42*A  -15.00*B  -3.83*D  -5.86*E  +2.86*F  +2.84*G  +3.34*J  +3.99*K  +0.42*(A**2)  +0.99*(B**2)  +0.45*(D**2)  +0.11*(E**2)  -0.08*(F**2)  +0.96*A*B  -1.06*A*D  -0.10*B*D  -0.61*A*E  +2.19*B*E  -0.70*D*E  -1.79*A*F  -2.25*B*F  +0.12*D*F  +0.38*E*F  -1.37*A*G  -1.70*B*G  +0.57*D*G  -0.29*E*G  +0.44*F*G  -1.84*A*J  -3.69*B*J  +0.20*D*J  -0.71*E*J  +0.19*F*J  +1.02*G*J  -3.75*A*K  -2.11*B*K  +0.56*D*K  +0.48*E*K  +0.83*F*K  +1.69*J*K  +1.92*A*B*D  +1.11*A*B*E  -1.50*A*D*E  +0.33*B*D*E  +1.41*A*B*F  -0.09*A*D*F  +0.48*B*D*F  -0.33*A*E*F  +0.17*B*E*F  +0.93*D*E*F  +0.72*A*B*G  +0.88*A*D*G  -0.33*B*D*G  +1.48*A*E*G  +0.29*B*E*G  +0.76*D*E*G  -0.23*A*F*G  -0.41*B*F*G  -0.45*D*F*G  -0.42*E*F*G  +1.99*A*B*J  -0.29*B*D*J  +0.36*A*E*J  +0.67*B*E*J  -0.20*D*E*J  -0.23*B*F*J  -0.14*D*F*J  -0.08*E*F*J  -0.72*A*G*J  -0.75*B*G*J  +0.06*D*G*J  -0.33*E*G*J  +0.13*F*G*J  +1.88*A*B*K  -0.53*A*D*K  -0.25*B*D*K  -0.72*A*E*K  +0.18*D*E*K  -0.52*A*F*K  -0.59*B*F*K  -0.38*D*F*K  +0.11*E*F*K  -1.14*A*J*K  -1.04*B*J*K  +0.20*D*J*K  +0.47*E*J*K  +0.04*F*J*K  +1.06*A*B*D*E  -0.28*A*B*D*F  -0.05*A*B*E*F  -0.61*A*D*E*F  -0.49*B*D*E*F  -0.68*A*B*D*G  -1.11*A*B*E*G  +0.55*A*D*E*G  -0.35*B*D*E*G  +0.21*A*B*F*G  +0.18*A*D*F*G  +0.26*B*D*F*G  +0.29*A*E*F*G  +0.23*B*E*F*G  -0.21*D*E*F*G  -0.45*A*B*E*J  -0.10*B*D*E*J  +0.10*B*D*F*J  +0.04*B*E*F*J  -0.14*D*E*F*J  +0.55*A*B*G*J  +0.02*B*D*G*J  +0.25*A*E*G*J  +0.34*B*E*G*J  -0.07*D*E*G*J  -0.08*B*F*G*J  +0.10*D*F*G*J  +0.01*E*F*G*J  +0.01*A*B*D*K  -0.49*A*D*E*K  +0.35*A*B*F*K  +0.21*A*D*F*K  +0.19*B*D*F*K  -0.07*A*E*F*K  -0.07*D*E*F*K  +0.73*A*B*J*K  -0.08*B*D*J*K  -0.22*A*E*J*K  +0.08*D*E*J*K  -0.03*B*F*J*K  -0.10*D*F*J*K  +0.02*E*F*J*K  +0.32*A*B*D*E*F  -0.52*A*B*D*E*G  -0.15*A*B*D*F*G  -0.17*A*B*E*F*G  +0.06*A*D*E*F*G  +0.10*B*D*E*F*G  +0.03*B*D*E*F*J  -0.19*A*B*E*G*J  +0.12*B*D*E*G*J  -0.03*B*D*F*G*J  +0.01*B*E*F*G*J  +0.08*D*E*F*G*J  -0.13*A*B*D*F*K  +0.03*A*D*E*F*K  +0.05*B*D*F*J*K  -0.01*D*E*F*J*K  -0.05*A*B*D*E*F*G  -0.02*B*D*E*F*G*J "
"inst_fp_16","0 +0.00*A  +0.00*B  +0.00*D  +0.00*E  -0.00*F  +0.00*G  -0.00*J  +0.00*K  -0.00*(A**2)  +0.00*(B**2)  -0.00*(D**2)  -0.00*(E**2)  +0.00*(F**2)  -0.00*A*B  -0.00*A*D  -0.00*B*D  +0.00*A*E  +0.00*B*E  +0.00*D*E  +0.00*A*F  -0.00*B*F  +0.00*D*F  -0.00*E*F  +0.00*A*G  -0.00*B*G  -0.00*D*G  +0.00*E*G  -0.00*F*G  +0.00*A*J  +0.00*B*J  +0.00*D*J  +0.00*E*J  -0.00*F*J  -0.00*G*J  -0.00*A*K  +0.00*B*K  +0.00*D*K  -0.00*E*K  -0.00*F*K  +0.00*J*K  -0.00*A*B*D  -0.00*A*B*E  -0.00*A*D*E  +0.00*B*D*E  -0.00*A*B*F  +0.00*A*D*F  +0.00*B*D*F  +0.00*A*E*F  -0.00*B*E*F  -0.00*D*E*F  +0.00*A*B*G  -0.00*A*D*G  +0.00*B*D*G  -0.00*A*E*G  +0.00*B*E*G  +0.00*D*E*G  -0.00*A*F*G  +0.00*B*F*G  -0.00*D*F*G  -0.00*E*F*G  -0.00*A*B*J  +0.00*B*D*J  -0.00*A*E*J  +0.00*B*E*J  +0.00*D*E*J  +0.00*B*F*J  -0.00*D*F*J  -0.00*E*F*J  -0.00*A*G*J  +0.00*B*G*J  +0.00*D*G*J  -0.00*E*G*J  +0.00*F*G*J  -0.00*A*B*K  -0.00*A*D*K  -0.00*B*D*K  -0.00*A*E*K  -0.00*D*E*K  -0.00*A*F*K  -0.00*B*F*K  +0.00*D*F*K  +0.00*E*F*K  -0.00*A*J*K  -0.00*B*J*K  +0.00*D*J*K  -0.00*E*J*K  +0.00*F*J*K  -0.00*A*B*D*E  +0.00*A*B*D*F  +0.00*A*B*E*F  -0.00*A*D*E*F  +0.00*B*D*E*F  +0.00*A*B*D*G  -0.00*A*B*E*G  -0.00*A*D*E*G  -0.00*B*D*E*G  +0.00*A*B*F*G  -0.00*A*D*F*G  -0.00*B*D*F*G  +0.00*A*E*F*G  -0.00*B*E*F*G  -0.00*D*E*F*G  +0.00*A*B*E*J  +0.00*B*D*E*J  +0.00*B*D*F*J  +0.00*B*E*F*J  +0.00*D*E*F*J  +0.00*A*B*G*J  +0.00*B*D*G*J  -0.00*A*E*G*J  +0.00*B*E*G*J  +0.00*D*E*G*J  +0.00*B*F*G*J  +0.00*D*F*G*J  -0.00*E*F*G*J  +0.00*A*B*D*K  +0.00*A*D*E*K  +0.00*A*B*F*K  +0.00*A*D*F*K  +0.00*B*D*F*K  -0.00*A*E*F*K  +0.00*D*E*F*K  -0.00*A*B*J*K  +0.00*B*D*J*K  +0.00*A*E*J*K  -0.00*D*E*J*K  +0.00*B*F*J*K  -0.00*D*F*J*K  -0.00*E*F*J*K  -0.00*A*B*D*E*F  -0.00*A*B*D*E*G  -0.00*A*B*D*F*G  +0.00*A*B*E*F*G  +0.00*A*D*E*F*G  +0.00*B*D*E*F*G  +0.00*B*D*E*F*J  +0.00*A*B*E*G*J  -0.00*B*D*E*G*J  +0.00*B*D*F*G*J  +0.00*B*E*F*G*J  +0.00*D*E*F*G*J  +0.00*A*B*D*F*K  +0.00*A*D*E*F*K  -0.00*B*D*F*J*K  +0.00*D*E*F*J*K  +0.00*A*B*D*E*F*G  +0.00*B*D*E*F*G*J "
"inst_fp_32","2097152 +0.00*A  +0.00*B  +0.00*D  -0.00*E  -0.00*F  -0.00*G  -0.00*J  -0.00*K  -0.00*(A**2)  -0.00*(B**2)  -0.00*(D**2)  -0.00*(E**2)  -0.00*(F**2)  +0.00*A*B  -0.00*A*D  -0.00*B*D  -0.00*A*E  -0.00*B*E  -0.00*D*E  +0.00*A*F  +0.00*B*F  -0.00*D*F  -0.00*E*F  +0.00*A*G  +0.00*B*G  -0.00*D*G  +0.00*E*G  +0.00*F*G  +0.00*A*J  -0.00*B*J  +0.00*D*J  -0.00*E*J  -0.00*F*J  -0.00*G*J  +0.00*A*K  +0.00*B*K  -0.00*D*K  -0.00*E*K  -0.00*F*K  -0.00*J*K  +0.00*A*B*D  +0.00*A*B*E  +0.00*A*D*E  +0.00*B*D*E  -0.00*A*B*F  +0.00*A*D*F  +0.00*B*D*F  +0.00*A*E*F  +0.00*B*E*F  +0.00*D*E*F  -0.00*A*B*G  +0.00*A*D*G  +0.00*B*D*G  +0.00*A*E*G  +0.00*B*E*G  +0.00*D*E*G  -0.00*A*F*G  +0.00*B*F*G  +0.00*D*F*G  +0.00*E*F*G  -0.00*A*B*J  -0.00*B*D*J  +0.00*A*E*J  +0.00*B*E*J  +0.00*D*E*J  +0.00*B*F*J  -0.00*D*F*J  -0.00*E*F*J  +0.00*A*G*J  +0.00*B*G*J  -0.00*D*G*J  +0.00*E*G*J  +0.00*F*G*J  -0.00*A*B*K  +0.00*A*D*K  +0.00*B*D*K  -0.00*A*E*K  +0.00*D*E*K  +0.00*A*F*K  +0.00*B*F*K  +0.00*D*F*K  -0.00*E*F*K  +0.00*A*J*K  +0.00*B*J*K  -0.00*D*J*K  -0.00*E*J*K  -0.00*F*J*K  -0.00*A*B*D*E  -0.00*A*B*D*F  -0.00*A*B*E*F  +0.00*A*D*E*F  +0.00*B*D*E*F  -0.00*A*B*D*G  -0.00*A*B*E*G  -0.00*A*D*E*G  -0.00*B*D*E*G  +0.00*A*B*F*G  -0.00*A*D*F*G  -0.00*B*D*F*G  -0.00*A*E*F*G  -0.00*B*E*F*G  +0.00*D*E*F*G  -0.00*A*B*E*J  +0.00*B*D*E*J  +0.00*B*D*F*J  +0.00*B*E*F*J  +0.00*D*E*F*J  -0.00*A*B*G*J  +0.00*B*D*G*J  -0.00*A*E*G*J  -0.00*B*E*G*J  +0.00*D*E*G*J  +0.00*B*F*G*J  +0.00*D*F*G*J  +0.00*E*F*G*J  -0.00*A*B*D*K  +0.00*A*D*E*K  -0.00*A*B*F*K  -0.00*A*D*F*K  -0.00*B*D*F*K  +0.00*A*E*F*K  -0.00*D*E*F*K  -0.00*A*B*J*K  +0.00*B*D*J*K  +0.00*A*E*J*K  +0.00*D*E*J*K  +0.00*B*F*J*K  +0.00*D*F*J*K  -0.00*E*F*J*K  -0.00*A*B*D*E*F  +0.00*A*B*D*E*G  +0.00*A*B*D*F*G  +0.00*A*B*E*F*G  -0.00*A*D*E*F*G  -0.00*B*D*E*F*G  +0.00*B*D*E*F*J  +0.00*A*B*E*G*J  -0.00*B*D*E*G*J  -0.00*B*D*F*G*J  -0.00*B*E*F*G*J  +0.00*D*E*F*G*J  +0.00*A*B*D*F*K  +0.00*A*D*E*F*K  -0.00*B*D*F*J*K  -0.00*D*E*F*J*K  +0.00*A*B*D*E*F*G  -0.00*B*D*E*F*G*J "
"inst_fp_64","0 +0.00*A  +0.00*B  +0.00*D  +0.00*E  -0.00*F  +0.00*G  -0.00*J  +0.00*K  -0.00*(A**2)  +0.00*(B**2)  -0.00*(D**2)  -0.00*(E**2)  +0.00*(F**2)  -0.00*A*B  -0.00*A*D  -0.00*B*D  +0.00*A*E  +0.00*B*E  +0.00*D*E  +0.00*A*F  -0.00*B*F  +0.00*D*F  -0.00*E*F  +0.00*A*G  -0.00*B*G  -0.00*D*G  +0.00*E*G  -0.00*F*G  +0.00*A*J  +0.00*B*J  +0.00*D*J  +0.00*E*J  -0.00*F*J  -0.00*G*J  -0.00*A*K  +0.00*B*K  +0.00*D*K  -0.00*E*K  -0.00*F*K  +0.00*J*K  -0.00*A*B*D  -0.00*A*B*E  -0.00*A*D*E  +0.00*B*D*E  -0.00*A*B*F  +0.00*A*D*F  +0.00*B*D*F  +0.00*A*E*F  -0.00*B*E*F  -0.00*D*E*F  +0.00*A*B*G  -0.00*A*D*G  +0.00*B*D*G  -0.00*A*E*G  +0.00*B*E*G  +0.00*D*E*G  -0.00*A*F*G  +0.00*B*F*G  -0.00*D*F*G  -0.00*E*F*G  -0.00*A*B*J  +0.00*B*D*J  -0.00*A*E*J  +0.00*B*E*J  +0.00*D*E*J  +0.00*B*F*J  -0.00*D*F*J  -0.00*E*F*J  -0.00*A*G*J  +0.00*B*G*J  +0.00*D*G*J  -0.00*E*G*J  +0.00*F*G*J  -0.00*A*B*K  -0.00*A*D*K  -0.00*B*D*K  -0.00*A*E*K  -0.00*D*E*K  -0.00*A*F*K  -0.00*B*F*K  +0.00*D*F*K  +0.00*E*F*K  -0.00*A*J*K  -0.00*B*J*K  +0.00*D*J*K  -0.00*E*J*K  +0.00*F*J*K  -0.00*A*B*D*E  +0.00*A*B*D*F  +0.00*A*B*E*F  -0.00*A*D*E*F  +0.00*B*D*E*F  +0.00*A*B*D*G  -0.00*A*B*E*G  -0.00*A*D*E*G  -0.00*B*D*E*G  +0.00*A*B*F*G  -0.00*A*D*F*G  -0.00*B*D*F*G  +0.00*A*E*F*G  -0.00*B*E*F*G  -0.00*D*E*F*G  +0.00*A*B*E*J  +0.00*B*D*E*J  +0.00*B*D*F*J  +0.00*B*E*F*J  +0.00*D*E*F*J  +0.00*A*B*G*J  +0.00*B*D*G*J  -0.00*A*E*G*J  +0.00*B*E*G*J  +0.00*D*E*G*J  +0.00*B*F*G*J  +0.00*D*F*G*J  -0.00*E*F*G*J  +0.00*A*B*D*K  +0.00*A*D*E*K  +0.00*A*B*F*K  +0.00*A*D*F*K  +0.00*B*D*F*K  -0.00*A*E*F*K  +0.00*D*E*F*K  -0.00*A*B*J*K  +0.00*B*D*J*K  +0.00*A*E*J*K  -0.00*D*E*J*K  +0.00*B*F*J*K  -0.00*D*F*J*K  -0.00*E*F*J*K  -0.00*A*B*D*E*F  -0.00*A*B*D*E*G  -0.00*A*B*D*F*G  +0.00*A*B*E*F*G  +0.00*A*D*E*F*G  +0.00*B*D*E*F*G  +0.00*B*D*E*F*J  +0.00*A*B*E*G*J  -0.00*B*D*E*G*J  +0.00*B*D*F*G*J  +0.00*B*E*F*G*J  +0.00*D*E*F*G*J  +0.00*A*B*D*F*K  +0.00*A*D*E*F*K  -0.00*B*D*F*J*K  +0.00*D*E*F*J*K  +0.00*A*B*D*E*F*G  +0.00*B*D*E*F*G*J "
"inst_integer","2880487.06 -1248200.59*A  -1221570.75*B  +1287474.03*D  +1284148.46*E  -118560.15*F  -89438.22*G  -230381.09*J  -214258.40*K  +297290.96*(A**2)  +295883.12*(B**2)  -53429.61*(D**2)  -22998.84*(E**2)  +1918.19*(F**2)  +152328.52*A*B  -392313.84*A*D  -316091.19*B*D  -341027.32*A*E  -393473.03*B*E  +673874.63*D*E  +58444.80*A*F  +88518.12*B*F  -111852.67*D*F  -140248.47*E*F  +72656.09*A*G  +74227.87*B*G  -135660.32*D*G  -108634.84*E*G  -1695.00*F*G  +57538.04*A*J  +135788.38*B*J  -117741.93*D*J  -157077.53*E*J  -22022.45*F*J  -2729.60*G*J  +120997.64*A*K  +59629.65*B*K  -129181.08*D*K  -96067.27*E*K  +14559.55*F*K  -31681.65*J*K  +76454.79*A*B*D  +82680.52*A*B*E  -262591.54*A*D*E  -247637.03*B*D*E  -40780.21*A*B*F  +53594.86*A*D*F  +65835.05*B*D*F  +64252.82*A*E*F  +75567.48*B*E*F  -107206.57*D*E*F  -33102.43*A*B*G  +55140.82*A*D*G  +82086.67*B*D*G  +46563.39*A*E*G  +74654.05*B*E*G  -99097.24*D*E*G  -11181.04*A*F*G  +1848.55*B*F*G  +659.46*D*F*G  -11672.88*E*F*G  -44979.10*A*B*J  +58618.39*B*D*J  +52007.59*A*E*J  +40709.72*B*E*J  -49102.15*D*E*J  +24004.57*B*F*J  -21485.35*D*F*J  -33823.29*E*F*J  +1746.61*A*G*J  -7178.28*B*G*J  -7561.09*D*G*J  +3753.09*E*G*J  -11788.27*F*G*J  -40603.54*A*B*K  +2809.50*A*D*K  +42054.33*B*D*K  +42612.31*A*E*K  -31811.20*D*E*K  -8735.73*A*F*K  -500.25*B*F*K  +25287.46*D*F*K  +4625.18*E*F*K  +8608.37*A*J*K  +7217.84*B*J*K  -35192.34*D*J*K  -32750.91*E*J*K  +1455.95*F*J*K  +86743.70*A*B*D*E  -26728.61*A*B*D*F  -25201.27*A*B*E*F  +42519.07*A*D*E*F  +82691.19*B*D*E*F  -17073.63*A*B*D*G  -14347.25*A*B*E*G  +61113.29*A*D*E*G  +68298.19*B*D*E*G  +11221.54*A*B*F*G  -13912.42*A*D*F*G  -972.88*B*D*F*G  -12892.53*A*E*F*G  +11366.53*B*E*F*G  -9311.50*D*E*F*G  -2613.72*A*B*E*J  +25645.39*B*D*E*J  +21294.52*B*D*F*J  +33223.25*B*E*F*J  -28610.48*D*E*F*J  -18.93*A*B*G*J  -4504.00*B*D*G*J  +652.17*A*E*G*J  -6413.36*B*E*G*J  +9885.13*D*E*G*J  +15337.62*B*F*G*J  -10234.13*D*F*G*J  -20965.73*E*F*G*J  +3089.20*A*B*D*K  -3866.29*A*D*E*K  +300.15*A*B*F*K  -15172.47*A*D*F*K  -1444.05*B*D*F*K  -2775.11*A*E*F*K  +25638.18*D*E*F*K  -1560.12*A*B*J*K  +13995.77*B*D*J*K  +13929.55*A*E*J*K  -15399.17*D*E*J*K  -50.02*B*F*J*K  +2528.75*D*F*J*K  +462.52*E*F*J*K  -29013.85*A*B*D*E*F  -22234.50*A*B*D*E*G  +13356.14*A*B*D*F*G  +13319.30*A*B*E*F*G  -16217.98*A*D*E*F*G  +7178.00*B*D*E*F*G  +33473.97*B*D*E*F*J  -45.50*A*B*E*G*J  -8554.17*B*D*E*G*J  +14613.72*B*D*F*G*J  +26803.15*B*E*F*G*J  -18820.97*D*E*F*G*J  +866.43*A*B*D*F*K  -15382.91*A*D*E*F*K  -144.40*B*D*F*J*K  +2563.82*D*E*F*J*K  +16294.06*A*B*D*E*F*G  +25922.65*B*D*E*F*G*J "
"inst_control","15952.46 -9870.99*A  -10354.37*B  +11211.16*D  +11598.28*E  -2216.98*F  -1489.44*G  -2078.94*J  -3826.95*K  +2665.63*(A**2)  +2661.33*(B**2)  +744.76*(D**2)  +720.54*(E**2)  +59.42*(F**2)  +1915.66*A*B  -9376.81*A*D  -4309.17*B*D  -5058.02*A*E  -3843.64*B*E  +9605.12*D*E  +1228.64*A*F  +1139.81*B*F  -114.11*D*F  -2219.99*E*F  +720.59*A*G  +619.21*B*G  -1819.79*D*G  -1890.81*E*G  -11.72*F*G  +1372.59*A*J  +575.84*B*J  -1893.96*D*J  +142.22*E*J  -244.84*F*J  +155.59*G*J  +2019.69*A*K  +1678.56*B*K  -2601.44*D*K  -1815.30*E*K  -1003.49*F*K  -2454.61*J*K  +1464.79*A*B*D  +719.29*A*B*E  -6569.60*A*D*E  -2195.80*B*D*E  -680.65*A*B*F  -26.77*A*D*F  +187.38*B*D*F  +1195.87*A*E*F  +593.90*B*E*F  -103.49*D*E*F  -287.38*A*B*G  +731.36*A*D*G  +798.70*B*D*G  +586.32*A*E*G  +830.74*B*E*G  -1640.21*D*E*G  -79.23*A*F*G  -153.53*B*F*G  -119.16*D*F*G  -205.70*E*F*G  -529.15*A*B*J  +651.95*B*D*J  +889.80*A*E*J  +792.47*B*E*J  +175.74*D*E*J  +110.75*B*F*J  -70.58*D*F*J  -343.21*E*F*J  -77.22*A*G*J  -233.87*B*G*J  +91.99*D*G*J  -196.83*E*G*J  -69.31*F*G*J  -922.84*A*B*K  -4659.49*A*D*K  +610.23*B*D*K  -582.99*A*E*K  +379.38*D*E*K  +602.10*A*F*K  +470.08*B*F*K  +1156.75*D*F*K  -759.29*E*F*K  +1386.20*A*J*K  +812.97*B*J*K  -2298.46*D*J*K  +311.44*E*J*K  -100.35*F*J*K  +1112.72*A*B*D*E  -109.79*A*B*D*F  -353.70*A*B*E*F  -83.88*A*D*E*F  +434.04*B*D*E*F  -268.80*A*B*D*G  -189.85*A*B*E*G  +531.76*A*D*E*G  +664.83*B*D*E*G  +95.35*A*B*F*G  -23.74*A*D*F*G  -100.68*B*D*F*G  -12.70*A*E*F*G  -90.88*B*E*F*G  -182.12*D*E*F*G  -197.26*A*B*E*J  +587.01*B*D*E*J  +16.10*B*D*F*J  +56.75*B*E*F*J  -121.71*D*E*F*J  +62.01*A*B*G*J  -175.79*B*D*G*J  +39.57*A*E*G*J  -25.77*B*E*G*J  -148.47*D*E*G*J  -18.59*B*F*G*J  -71.08*D*F*G*J  -141.78*E*F*G*J  +612.12*A*B*D*K  -3648.18*A*D*E*K  -282.05*A*B*F*K  -694.05*A*D*F*K  -280.38*B*D*F*K  +455.57*A*E*F*K  +1011.83*D*E*F*K  -481.66*A*B*J*K  +1112.16*B*D*J*K  +626.17*A*E*J*K  -30.46*D*E*J*K  +47.01*B*F*J*K  +115.67*D*F*J*K  -75.93*E*F*J*K  -260.60*A*B*D*E*F  -161.15*A*B*D*E*G  +63.05*A*B*D*F*G  +57.17*A*B*E*F*G  -36.70*A*D*E*F*G  -110.62*B*D*E*F*G  +43.58*B*D*E*F*J  -26.73*A*B*E*G*J  -51.62*B*D*E*G*J  -12.71*B*D*F*G*J  -11.73*B*E*F*G*J  -129.57*D*E*F*G*J  +168.23*A*B*D*F*K  -607.10*A*D*E*F*K  -28.04*B*D*F*J*K  +101.18*D*E*F*J*K  +66.19*A*B*D*E*F*G  -10.88*B*D*E*F*G*J "
"inst_compute_ld_st","1644765.37 -453734.18*A  -961304.89*B  +488395.21*D  +897290.68*E  -34645.04*F  -32019.56*G  -291713.39*J  +24293.81*K  +107747.64*(A**2)  +261393.60*(B**2)  -4886.33*(D**2)  -3996.19*(E**2)  +80.19*(F**2)  +75813.71*A*B  -152719.48*A*D  -171403.93*B*D  -141593.90*A*E  -337972.91*B*E  +314898.20*D*E  +21246.82*A*F  +24736.58*B*F  -41352.21*D*F  -44142.44*E*F  +21553.44*A*G  +38078.00*B*G  -64899.13*D*G  -65908.03*E*G  +4685.66*F*G  -4492.16*A*J  +98062.05*B*J  -19080.92*D*J  -159027.24*E*J  -3027.88*F*J  +26285.18*G*J  +14028.42*A*K  -12233.55*B*K  +22060.35*D*K  +21513.96*E*K  +3333.59*F*K  +24025.71*J*K  +51372.31*A*B*D  +63076.94*A*B*E  -104497.29*A*D*E  -163068.28*B*D*E  -13562.60*A*B*F  +25348.48*A*D*F  +16816.42*B*D*F  +27240.53*A*E*F  +23912.59*B*E*F  -34390.71*D*E*F  -18883.32*A*B*G  +20130.50*A*D*G  +53532.70*B*D*G  +12212.61*A*E*G  +60390.14*B*E*G  -46098.01*D*E*G  -2330.98*A*F*G  -1861.64*B*F*G  +3821.21*D*F*G  +3031.21*E*F*G  -5839.02*A*B*J  +13080.32*B*D*J  +7451.79*A*E*J  +48765.07*B*E*J  -20200.69*D*E*J  +3534.88*B*F*J  -3816.05*D*F*J  -3742.10*E*F*J  -206.65*A*G*J  -18062.66*B*G*J  +8431.22*D*G*J  +8372.72*E*G*J  +844.48*F*G*J  -8810.98*A*B*K  -8144.08*A*D*K  +6882.47*B*D*K  -3694.40*A*E*K  +34703.17*D*E*K  -2000.16*A*F*K  -1899.00*B*F*K  -4766.09*D*F*K  -817.28*E*F*K  -5822.44*A*J*K  -14862.86*B*J*K  -5453.43*D*J*K  +430.13*E*J*K  +333.36*F*J*K  +50620.85*A*B*D*E  -8801.33*A*B*D*F  -12154.81*A*B*E*F  +21453.65*A*D*E*F  +20330.79*B*D*E*F  -15718.06*A*B*D*G  -12731.39*A*B*E*G  +14470.65*A*D*E*G  +46152.93*B*D*E*G  +2396.34*A*B*F*G  -1755.57*A*D*F*G  -947.16*B*D*F*G  -1063.66*A*E*F*G  +1397.37*B*E*F*G  +4133.90*D*E*F*G  -2659.78*A*B*E*J  +14696.01*B*D*E*J  +2733.69*B*D*F*J  +4099.46*B*E*F*J  -2831.08*D*E*F*J  +620.04*A*B*G*J  -5544.94*B*D*G*J  +827.09*A*E*G*J  -4494.20*B*E*G*J  +11963.75*D*E*G*J  +875.05*B*F*G*J  +701.30*D*F*G*J  +975.26*E*F*G*J  -1068.75*A*B*D*K  -9980.79*A*D*E*K  +1139.40*A*B*F*K  +2859.65*A*D*F*K  +1026.64*B*D*F*K  +490.37*A*E*F*K  -3227.70*D*E*F*K  +2027.00*A*B*J*K  +1309.47*B*D*J*K  -1722.74*A*E*J*K  -2664.88*D*E*J*K  -189.90*B*F*J*K  -476.61*D*F*J*K  -81.73*E*F*J*K  -9950.11*A*B*D*E*F  -13915.11*A*B*D*E*G  +1856.82*A*B*D*F*G  +1354.32*A*B*E*F*G  -1661.11*A*D*E*F*G  +481.01*B*D*E*F*G  +3685.67*B*D*E*F*J  -487.03*A*B*E*G*J  -6565.87*B*D*E*G*J  +957.33*B*D*F*G*J  +1847.94*B*E*F*G*J  +1021.38*D*E*F*G*J  -615.99*A*B*D*F*K  +1936.62*A*D*E*F*K  +102.66*B*D*F*J*K  -322.77*D*E*F*J*K  +1959.76*A*B*D*E*F*G  +1700.69*B*D*E*F*G*J "
"inst_misc","711801.26 -272076.39*A  -325015.00*B  +268653.20*D  +316017.98*E  -16853.93*F  -15890.07*G  -79317.55*J  -204.51*K  +74182.01*(A**2)  +74242.89*(B**2)  +1799.11*(D**2)  -18648.71*(E**2)  +348.93*(F**2)  +29070.92*A*B  -82164.63*A*D  -72401.16*B*D  -61113.73*A*E  -81378.51*B*E  +121630.94*D*E  +9581.54*A*F  +9818.25*B*F  -12636.65*D*F  -18915.14*E*F  +18935.48*A*G  +17223.78*B*G  -41845.80*D*G  -34275.43*E*G  +1704.19*F*G  +4300.70*A*J  +45427.33*B*J  -17734.87*D*J  -73657.40*E*J  -1445.67*F*J  +6785.24*G*J  +18024.00*A*K  +3505.28*B*K  -7075.04*D*K  -5348.98*E*K  -2716.93*F*K  -7145.10*J*K  +13901.20*A*B*D  +20128.20*A*B*E  -32200.03*A*D*E  -60373.48*B*D*E  -4270.66*A*B*F  +7166.09*A*D*F  +277.37*B*D*F  +10845.41*A*E*F  +8386.64*B*E*F  -6265.07*D*E*F  -8829.75*A*B*G  +23186.70*A*D*G  +28177.69*B*D*G  +19750.34*A*E*G  +25936.81*B*E*G  -40007.37*D*E*G  -1463.61*A*F*G  +801.59*B*F*G  -3143.64*D*F*G  +3818.86*E*F*G  -10128.42*A*B*J  +16829.17*B*D*J  +22520.26*A*E*J  +23157.33*B*E*J  -33513.61*D*E*J  +1793.54*B*F*J  -1313.32*D*F*J  -2163.78*E*F*J  -3494.41*A*G*J  -5117.28*B*G*J  +5157.64*D*G*J  -3989.23*E*G*J  +145.95*F*G*J  -3274.73*A*B*K  +22967.20*A*D*K  +2611.03*B*D*K  +13780.56*A*E*K  +3192.08*D*E*K  +1630.16*A*F*K  -234.39*B*F*K  -3894.70*D*F*K  -3506.03*E*F*K  +304.94*A*J*K  -4343.24*B*J*K  -7996.38*D*J*K  -8521.84*E*J*K  -271.69*F*J*K  +8418.62*A*B*D*E  +1525.46*A*B*D*F  -2581.16*A*B*E*F  +3451.69*A*D*E*F  +713.24*B*D*E*F  -8104.53*A*B*D*G  -7323.35*A*B*E*G  +23394.89*A*D*E*G  +28685.70*B*D*E*G  +1139.33*A*B*F*G  +1470.28*A*D*F*G  +3312.58*B*D*F*G  -2794.99*A*E*F*G  +354.90*B*E*F*G  -885.98*D*E*F*G  -11391.85*A*B*E*J  +21081.22*B*D*E*J  +767.85*B*D*F*J  +2441.18*B*E*F*J  -1095.09*D*E*F*J  +1554.98*A*B*G*J  -4068.22*B*D*G*J  +175.38*A*E*G*J  +2349.31*B*E*G*J  -1600.42*D*E*G*J  +891.88*B*F*G*J  -364.02*D*F*G*J  +109.62*E*F*G*J  -2405.68*A*B*D*K  +17929.11*A*D*E*K  +140.63*A*B*F*K  +2336.82*A*D*F*K  -552.56*B*D*F*K  +2103.62*A*E*F*K  -3712.04*D*E*F*K  +271.89*A*B*J*K  +230.13*B*D*J*K  +271.31*A*E*J*K  -6542.31*D*E*J*K  -23.44*B*F*J*K  -389.47*D*F*J*K  -350.60*E*F*J*K  +1975.77*A*B*D*E*F  -9330.92*A*B*D*E*G  -295.67*A*B*D*F*G  +2237.88*A*B*E*F*G  +224.23*A*D*E*F*G  +3054.08*B*D*E*F*G  +1720.94*B*D*E*F*J  -1062.33*A*B*E*G*J  +995.52*B*D*E*G*J  +1071.38*B*D*F*G*J  +1638.01*B*E*F*G*J  -557.18*D*E*F*G*J  +331.54*A*B*D*F*K  +2227.23*A*D*E*F*K  -55.26*B*D*F*J*K  -371.20*D*E*F*J*K  +571.27*A*B*D*E*F*G  +1955.03*B*D*E*F*G*J "
"inst_bit_convert","0 +0.00*A  +0.00*B  +0.00*D  +0.00*E  -0.00*F  +0.00*G  -0.00*J  +0.00*K  -0.00*(A**2)  +0.00*(B**2)  -0.00*(D**2)  -0.00*(E**2)  +0.00*(F**2)  -0.00*A*B  -0.00*A*D  -0.00*B*D  +0.00*A*E  +0.00*B*E  +0.00*D*E  +0.00*A*F  -0.00*B*F  +0.00*D*F  -0.00*E*F  +0.00*A*G  -0.00*B*G  -0.00*D*G  +0.00*E*G  -0.00*F*G  +0.00*A*J  +0.00*B*J  +0.00*D*J  +0.00*E*J  -0.00*F*J  -0.00*G*J  -0.00*A*K  +0.00*B*K  +0.00*D*K  -0.00*E*K  -0.00*F*K  +0.00*J*K  -0.00*A*B*D  -0.00*A*B*E  -0.00*A*D*E  +0.00*B*D*E  -0.00*A*B*F  +0.00*A*D*F  +0.00*B*D*F  +0.00*A*E*F  -0.00*B*E*F  -0.00*D*E*F  +0.00*A*B*G  -0.00*A*D*G  +0.00*B*D*G  -0.00*A*E*G  +0.00*B*E*G  +0.00*D*E*G  -0.00*A*F*G  +0.00*B*F*G  -0.00*D*F*G  -0.00*E*F*G  -0.00*A*B*J  +0.00*B*D*J  -0.00*A*E*J  +0.00*B*E*J  +0.00*D*E*J  +0.00*B*F*J  -0.00*D*F*J  -0.00*E*F*J  -0.00*A*G*J  +0.00*B*G*J  +0.00*D*G*J  -0.00*E*G*J  +0.00*F*G*J  -0.00*A*B*K  -0.00*A*D*K  -0.00*B*D*K  -0.00*A*E*K  -0.00*D*E*K  -0.00*A*F*K  -0.00*B*F*K  +0.00*D*F*K  +0.00*E*F*K  -0.00*A*J*K  -0.00*B*J*K  +0.00*D*J*K  -0.00*E*J*K  +0.00*F*J*K  -0.00*A*B*D*E  +0.00*A*B*D*F  +0.00*A*B*E*F  -0.00*A*D*E*F  +0.00*B*D*E*F  +0.00*A*B*D*G  -0.00*A*B*E*G  -0.00*A*D*E*G  -0.00*B*D*E*G  +0.00*A*B*F*G  -0.00*A*D*F*G  -0.00*B*D*F*G  +0.00*A*E*F*G  -0.00*B*E*F*G  -0.00*D*E*F*G  +0.00*A*B*E*J  +0.00*B*D*E*J  +0.00*B*D*F*J  +0.00*B*E*F*J  +0.00*D*E*F*J  +0.00*A*B*G*J  +0.00*B*D*G*J  -0.00*A*E*G*J  +0.00*B*E*G*J  +0.00*D*E*G*J  +0.00*B*F*G*J  +0.00*D*F*G*J  -0.00*E*F*G*J  +0.00*A*B*D*K  +0.00*A*D*E*K  +0.00*A*B*F*K  +0.00*A*D*F*K  +0.00*B*D*F*K  -0.00*A*E*F*K  +0.00*D*E*F*K  -0.00*A*B*J*K  +0.00*B*D*J*K  +0.00*A*E*J*K  -0.00*D*E*J*K  +0.00*B*F*J*K  -0.00*D*F*J*K  -0.00*E*F*J*K  -0.00*A*B*D*E*F  -0.00*A*B*D*E*G  -0.00*A*B*D*F*G  +0.00*A*B*E*F*G  +0.00*A*D*E*F*G  +0.00*B*D*E*F*G  +0.00*B*D*E*F*J  +0.00*A*B*E*G*J  -0.00*B*D*E*G*J  +0.00*B*D*F*G*J  +0.00*B*E*F*G*J  +0.00*D*E*F*G*J  +0.00*A*B*D*F*K  +0.00*A*D*E*F*K  -0.00*B*D*F*J*K  +0.00*D*E*F*J*K  +0.00*A*B*D*E*F*G  +0.00*B*D*E*F*G*J "
"inst_executed","230013.04 -62169.87*A  -78866.94*B  +64439.14*D  +78608.01*E  -5403.46*F  -4358.80*G  -18859.07*J  -6064.82*K  +15096.68*(A**2)  +19855.07*(B**2)  -1743.70*(D**2)  -1403.17*(E**2)  +75.60*(F**2)  +8132.50*A*B  -19972.04*A*D  -17695.73*B*D  -17219.20*A*E  -25587.16*B*E  +35126.68*D*E  +2839.92*A*F  +3892.98*B*F  -5202.17*D*F  -6445.65*E*F  +3570.37*A*G  +4079.88*B*G  -7655.71*D*G  -6604.55*E*G  +148.68*F*G  +1837.54*A*J  +8750.02*B*J  -4889.65*D*J  -12177.44*E*J  -837.42*F*J  +953.11*G*J  +4852.17*A*K  +1646.53*B*K  -3655.64*D*K  -2552.14*E*K  +441.09*F*K  -542.86*J*K  +4497.15*A*B*D  +5227.87*A*B*E  -12737.92*A*D*E  -14833.90*B*D*E  -1859.74*A*B*F  +2699.66*A*D*F  +2602.94*B*D*F  +3249.12*A*E*F  +3397.18*B*E*F  -4637.41*D*E*F  -1916.84*A*B*G  +3109.53*A*D*G  +5158.53*B*D*G  +2479.52*A*E*G  +5069.59*B*E*G  -5855.84*D*E*G  -471.93*A*F*G  +17.91*B*F*G  +39.33*D*F*G  -156.33*E*F*G  -1925.08*A*B*J  +2786.90*B*D*J  +2595.33*A*E*J  +3545.90*B*E*J  -3202.64*D*E*J  +921.24*B*F*J  -835.61*D*F*J  -1254.69*E*F*J  -64.09*A*G*J  -956.66*B*G*J  +190.37*D*G*J  +246.49*E*G*J  -339.44*F*G*J  -1679.90*A*B*K  +394.54*A*D*K  +1634.48*B*D*K  +1625.49*A*E*K  +207.50*D*E*K  -264.65*A*F*K  -67.20*B*F*K  +557.31*D*F*K  -16.45*E*F*K  +142.02*A*J*K  -348.37*B*J*K  -1596.33*D*J*K  -1265.67*E*J*K  +44.11*F*J*K  +4608.85*A*B*D*E  -1069.40*A*B*D*F  -1263.76*A*B*E*F  +2112.38*A*D*E*F  +3261.79*B*D*E*F  -1292.12*A*B*D*G  -1085.38*A*B*E*G  +3117.47*A*D*E*G  +4504.77*B*D*E*G  +465.31*A*B*F*G  -445.24*A*D*F*G  +39.12*B*D*F*G  -524.47*A*E*F*G  +406.01*B*E*F*G  -193.98*D*E*F*G  -528.09*A*B*E*J  +1937.56*B*D*E*J  +775.93*B*D*F*J  +1245.17*B*E*F*J  -1022.06*D*E*F*J  +69.80*A*B*G*J  -446.59*B*D*G*J  +53.27*A*E*G*J  -267.68*B*E*G*J  +626.97*D*E*G*J  +533.74*B*F*G*J  -311.46*D*F*G*J  -625.75*E*F*G*J  +7.79*A*B*D*K  +3.94*A*D*E*K  +40.32*A*B*F*K  -334.38*A*D*F*K  -39.51*B*D*F*K  +9.87*A*E*F*K  +617.43*D*E*F*K  +7.52*A*B*J*K  +522.54*B*D*J*K  +410.79*A*E*J*K  -769.59*D*E*J*K  -6.72*B*F*J*K  +55.73*D*F*J*K  -1.64*E*F*J*K  -1167.93*A*B*D*E*F  -1430.98*A*B*D*E*G  +468.89*A*B*D*F*G  +530.94*A*B*E*F*G  -553.68*A*D*E*F*G  +329.96*B*D*E*F*G  +1217.03*B*D*E*F*J  -50.87*A*B*E*G*J  -442.71*B*D*E*G*J  +519.55*B*D*F*G*J  +946.05*B*E*F*G*J  -577.72*D*E*F*G*J  +23.71*A*B*D*F*K  -370.46*A*D*E*F*K  -3.95*B*D*F*J*K  +61.74*D*E*F*J*K  +591.17*A*B*D*E*F*G  +923.85*B*D*E*F*G*J "
"half_precision_fu_utilization","0 +0.00*A  +0.00*B  +0.00*D  +0.00*E  -0.00*F  +0.00*G  -0.00*J  +0.00*K  -0.00*(A**2)  +0.00*(B**2)  -0.00*(D**2)  -0.00*(E**2)  +0.00*(F**2)  -0.00*A*B  -0.00*A*D  -0.00*B*D  +0.00*A*E  +0.00*B*E  +0.00*D*E  +0.00*A*F  -0.00*B*F  +0.00*D*F  -0.00*E*F  +0.00*A*G  -0.00*B*G  -0.00*D*G  +0.00*E*G  -0.00*F*G  +0.00*A*J  +0.00*B*J  +0.00*D*J  +0.00*E*J  -0.00*F*J  -0.00*G*J  -0.00*A*K  +0.00*B*K  +0.00*D*K  -0.00*E*K  -0.00*F*K  +0.00*J*K  -0.00*A*B*D  -0.00*A*B*E  -0.00*A*D*E  +0.00*B*D*E  -0.00*A*B*F  +0.00*A*D*F  +0.00*B*D*F  +0.00*A*E*F  -0.00*B*E*F  -0.00*D*E*F  +0.00*A*B*G  -0.00*A*D*G  +0.00*B*D*G  -0.00*A*E*G  +0.00*B*E*G  +0.00*D*E*G  -0.00*A*F*G  +0.00*B*F*G  -0.00*D*F*G  -0.00*E*F*G  -0.00*A*B*J  +0.00*B*D*J  -0.00*A*E*J  +0.00*B*E*J  +0.00*D*E*J  +0.00*B*F*J  -0.00*D*F*J  -0.00*E*F*J  -0.00*A*G*J  +0.00*B*G*J  +0.00*D*G*J  -0.00*E*G*J  +0.00*F*G*J  -0.00*A*B*K  -0.00*A*D*K  -0.00*B*D*K  -0.00*A*E*K  -0.00*D*E*K  -0.00*A*F*K  -0.00*B*F*K  +0.00*D*F*K  +0.00*E*F*K  -0.00*A*J*K  -0.00*B*J*K  +0.00*D*J*K  -0.00*E*J*K  +0.00*F*J*K  -0.00*A*B*D*E  +0.00*A*B*D*F  +0.00*A*B*E*F  -0.00*A*D*E*F  +0.00*B*D*E*F  +0.00*A*B*D*G  -0.00*A*B*E*G  -0.00*A*D*E*G  -0.00*B*D*E*G  +0.00*A*B*F*G  -0.00*A*D*F*G  -0.00*B*D*F*G  +0.00*A*E*F*G  -0.00*B*E*F*G  -0.00*D*E*F*G  +0.00*A*B*E*J  +0.00*B*D*E*J  +0.00*B*D*F*J  +0.00*B*E*F*J  +0.00*D*E*F*J  +0.00*A*B*G*J  +0.00*B*D*G*J  -0.00*A*E*G*J  +0.00*B*E*G*J  +0.00*D*E*G*J  +0.00*B*F*G*J  +0.00*D*F*G*J  -0.00*E*F*G*J  +0.00*A*B*D*K  +0.00*A*D*E*K  +0.00*A*B*F*K  +0.00*A*D*F*K  +0.00*B*D*F*K  -0.00*A*E*F*K  +0.00*D*E*F*K  -0.00*A*B*J*K  +0.00*B*D*J*K  +0.00*A*E*J*K  -0.00*D*E*J*K  +0.00*B*F*J*K  -0.00*D*F*J*K  -0.00*E*F*J*K  -0.00*A*B*D*E*F  -0.00*A*B*D*E*G  -0.00*A*B*D*F*G  +0.00*A*B*E*F*G  +0.00*A*D*E*F*G  +0.00*B*D*E*F*G  +0.00*B*D*E*F*J  +0.00*A*B*E*G*J  -0.00*B*D*E*G*J  +0.00*B*D*F*G*J  +0.00*B*E*F*G*J  +0.00*D*E*F*G*J  +0.00*A*B*D*F*K  +0.00*A*D*E*F*K  -0.00*B*D*F*J*K  +0.00*D*E*F*J*K  +0.00*A*B*D*E*F*G  +0.00*B*D*E*F*G*J "
"single_precision_fu_utilization","2.8 -1.16*A  -0.39*B  +1.23*D  +0.48*E  -0.24*F  +0.12*G  +0.45*J  +0.03*K  +0.27*(A**2)  +0.13*(B**2)  -0.07*(D**2)  -0.07*(E**2)  +0.00*(F**2)  +0.30*A*B  -0.38*A*D  -0.10*B*D  -0.26*A*E  +0.11*B*E  +0.15*D*E  +0.12*A*F  +0.15*B*F  -0.20*D*F  -0.23*E*F  -0.01*A*G  +0.09*B*G  +0.09*D*G  -0.01*E*G  -0.07*F*G  +0.02*A*J  -0.00*B*J  +0.34*D*J  +0.21*E*J  -0.06*F*J  -0.05*G*J  -0.01*A*K  +0.01*B*K  +0.03*D*K  +0.09*E*K  -0.06*F*K  -0.03*J*K  +0.12*A*B*D  +0.02*A*B*E  -0.17*A*D*E  +0.06*B*D*E  -0.07*A*B*F  +0.10*A*D*F  +0.11*B*D*F  +0.11*A*E*F  +0.13*B*E*F  -0.21*D*E*F  -0.05*A*B*G  +0.01*A*D*G  +0.04*B*D*G  +0.04*A*E*G  +0.06*B*E*G  -0.02*D*E*G  +0.02*A*F*G  +0.03*B*F*G  -0.04*D*F*G  -0.06*E*F*G  -0.03*A*B*J  -0.09*B*D*J  +0.01*A*E*J  +0.05*B*E*J  +0.14*D*E*J  +0.05*B*F*J  -0.06*D*F*J  -0.08*E*F*J  +0.03*A*G*J  +0.05*B*G*J  -0.02*D*G*J  -0.06*E*G*J  -0.04*F*G*J  -0.02*A*B*K  +0.02*A*D*K  +0.00*B*D*K  -0.05*A*E*K  +0.07*D*E*K  +0.04*A*F*K  +0.00*B*F*K  +0.00*D*F*K  -0.06*E*F*K  +0.01*A*J*K  -0.01*B*J*K  -0.03*D*J*K  +0.01*E*J*K  -0.01*F*J*K  +0.09*A*B*D*E  -0.04*A*B*D*F  -0.05*A*B*E*F  +0.09*A*D*E*F  +0.13*B*D*E*F  -0.05*A*B*D*G  -0.06*A*B*E*G  +0.04*A*D*E*G  +0.04*B*D*E*G  +0.00*A*B*F*G  +0.00*A*D*F*G  +0.03*B*D*F*G  +0.00*A*E*F*G  +0.04*B*E*F*G  -0.05*D*E*F*G  -0.01*A*B*E*J  +0.05*B*D*E*J  +0.04*B*D*F*J  +0.07*B*E*F*J  -0.08*D*E*F*J  -0.03*A*B*G*J  +0.02*B*D*G*J  +0.00*A*E*G*J  -0.00*B*E*G*J  -0.07*D*E*G*J  +0.04*B*F*G*J  -0.04*D*F*G*J  -0.07*E*F*G*J  +0.00*A*B*D*K  +0.00*A*D*E*K  -0.00*A*B*F*K  -0.00*A*D*F*K  -0.00*B*D*F*K  +0.04*A*E*F*K  +0.00*D*E*F*K  +0.00*A*B*J*K  -0.02*B*D*J*K  -0.02*A*E*J*K  -0.04*D*E*J*K  +0.00*B*F*J*K  +0.00*D*F*J*K  -0.01*E*F*J*K  -0.04*A*B*D*E*F  -0.05*A*B*D*E*G  +0.00*A*B*D*F*G  +0.01*A*B*E*F*G  -0.00*A*D*E*F*G  +0.03*B*D*E*F*G  +0.07*B*D*E*F*J  -0.00*A*B*E*G*J  -0.00*B*D*E*G*J  +0.03*B*D*F*G*J  +0.06*B*E*F*G*J  -0.07*D*E*F*G*J  +0.00*A*B*D*F*K  -0.00*A*D*E*F*K  -0.00*B*D*F*J*K  +0.00*D*E*F*J*K  +0.02*A*B*D*E*F*G  +0.06*B*D*E*F*G*J "
"flop_sp_efficiency","6.46 -2.59*A  -0.22*B  +2.08*D  -0.37*E  -0.13*F  +0.30*G  +1.16*J  +0.39*K  +0.47*(A**2)  -0.07*(B**2)  -0.21*(D**2)  -0.20*(E**2)  +0.00*(F**2)  +0.18*A*B  -0.67*A*D  -0.02*B*D  -0.15*A*E  +0.71*B*E  -0.32*D*E  +0.06*A*F  +0.09*B*F  +0.00*D*F  -0.05*E*F  -0.05*A*G  +0.03*B*G  +0.21*D*G  +0.07*E*G  -0.18*F*G  -0.09*A*J  -0.15*B*J  +0.58*D*J  +0.37*E*J  -0.07*F*J  -0.08*G*J  -0.27*A*K  +0.07*B*K  +0.56*D*K  +0.27*E*K  -0.16*F*K  +0.04*J*K  -0.01*A*B*D  -0.25*A*B*E  -0.19*A*D*E  +0.38*B*D*E  -0.05*A*B*F  -0.02*A*D*F  -0.00*B*D*F  -0.01*A*E*F  -0.00*B*E*F  -0.01*D*E*F  -0.02*A*B*G  +0.02*A*D*G  -0.06*B*D*G  +0.06*A*E*G  -0.04*B*E*G  +0.02*D*E*G  +0.08*A*F*G  +0.02*B*F*G  -0.14*D*F*G  -0.14*E*F*G  -0.01*A*B*J  -0.10*B*D*J  -0.04*A*E*J  +0.12*B*E*J  +0.18*D*E*J  +0.02*B*F*J  -0.06*D*F*J  -0.09*E*F*J  +0.03*A*G*J  -0.01*B*G*J  -0.03*D*G*J  -0.05*E*G*J  -0.07*F*G*J  +0.01*A*B*K  -0.18*A*D*K  -0.12*B*D*K  -0.16*A*E*K  +0.37*D*E*K  +0.10*A*F*K  +0.02*B*F*K  -0.05*D*F*K  -0.11*E*F*K  -0.02*A*J*K  -0.01*B*J*K  +0.03*D*J*K  +0.13*E*J*K  -0.02*F*J*K  -0.08*A*B*D*E  +0.01*A*B*D*F  +0.01*A*B*E*F  -0.03*A*D*E*F  -0.00*B*D*E*F  +0.01*A*B*D*G  -0.01*A*B*E*G  +0.07*A*D*E*G  -0.03*B*D*E*G  -0.01*A*B*F*G  +0.06*A*D*F*G  +0.03*B*D*F*G  +0.05*A*E*F*G  +0.02*B*E*F*G  -0.15*D*E*F*G  -0.03*A*B*E*J  +0.12*B*D*E*J  +0.01*B*D*F*J  +0.02*B*E*F*J  -0.10*D*E*F*J  +0.01*A*B*G*J  -0.02*B*D*G*J  -0.00*A*E*G*J  -0.00*B*E*G*J  -0.06*D*E*G*J  +0.01*B*F*G*J  -0.07*D*F*G*J  -0.09*E*F*G*J  +0.05*A*B*D*K  -0.11*A*D*E*K  -0.01*A*B*F*K  +0.03*A*D*F*K  -0.01*B*D*F*K  +0.07*A*E*F*K  -0.05*D*E*F*K  +0.02*A*B*J*K  -0.01*B*D*J*K  -0.05*A*E*J*K  +0.07*D*E*J*K  +0.00*B*F*J*K  -0.01*D*F*J*K  -0.01*E*F*J*K  +0.02*A*B*D*E*F  +0.00*A*B*D*E*G  -0.01*A*B*D*F*G  -0.00*A*B*E*F*G  +0.06*A*D*E*F*G  +0.02*B*D*E*F*G  +0.02*B*D*E*F*J  -0.00*A*B*E*G*J  -0.01*B*D*E*G*J  +0.02*B*D*F*G*J  +0.02*B*E*F*G*J  -0.10*D*E*F*G*J  +0.00*A*B*D*F*K  +0.04*A*D*E*F*K  -0.00*B*D*F*J*K  -0.01*D*E*F*J*K  -0.00*A*B*D*E*F*G  +0.03*B*D*E*F*G*J "
"double_precision_fu_utilization","0 +0.00*A  +0.00*B  +0.00*D  +0.00*E  -0.00*F  +0.00*G  -0.00*J  +0.00*K  -0.00*(A**2)  +0.00*(B**2)  -0.00*(D**2)  -0.00*(E**2)  +0.00*(F**2)  -0.00*A*B  -0.00*A*D  -0.00*B*D  +0.00*A*E  +0.00*B*E  +0.00*D*E  +0.00*A*F  -0.00*B*F  +0.00*D*F  -0.00*E*F  +0.00*A*G  -0.00*B*G  -0.00*D*G  +0.00*E*G  -0.00*F*G  +0.00*A*J  +0.00*B*J  +0.00*D*J  +0.00*E*J  -0.00*F*J  -0.00*G*J  -0.00*A*K  +0.00*B*K  +0.00*D*K  -0.00*E*K  -0.00*F*K  +0.00*J*K  -0.00*A*B*D  -0.00*A*B*E  -0.00*A*D*E  +0.00*B*D*E  -0.00*A*B*F  +0.00*A*D*F  +0.00*B*D*F  +0.00*A*E*F  -0.00*B*E*F  -0.00*D*E*F  +0.00*A*B*G  -0.00*A*D*G  +0.00*B*D*G  -0.00*A*E*G  +0.00*B*E*G  +0.00*D*E*G  -0.00*A*F*G  +0.00*B*F*G  -0.00*D*F*G  -0.00*E*F*G  -0.00*A*B*J  +0.00*B*D*J  -0.00*A*E*J  +0.00*B*E*J  +0.00*D*E*J  +0.00*B*F*J  -0.00*D*F*J  -0.00*E*F*J  -0.00*A*G*J  +0.00*B*G*J  +0.00*D*G*J  -0.00*E*G*J  +0.00*F*G*J  -0.00*A*B*K  -0.00*A*D*K  -0.00*B*D*K  -0.00*A*E*K  -0.00*D*E*K  -0.00*A*F*K  -0.00*B*F*K  +0.00*D*F*K  +0.00*E*F*K  -0.00*A*J*K  -0.00*B*J*K  +0.00*D*J*K  -0.00*E*J*K  +0.00*F*J*K  -0.00*A*B*D*E  +0.00*A*B*D*F  +0.00*A*B*E*F  -0.00*A*D*E*F  +0.00*B*D*E*F  +0.00*A*B*D*G  -0.00*A*B*E*G  -0.00*A*D*E*G  -0.00*B*D*E*G  +0.00*A*B*F*G  -0.00*A*D*F*G  -0.00*B*D*F*G  +0.00*A*E*F*G  -0.00*B*E*F*G  -0.00*D*E*F*G  +0.00*A*B*E*J  +0.00*B*D*E*J  +0.00*B*D*F*J  +0.00*B*E*F*J  +0.00*D*E*F*J  +0.00*A*B*G*J  +0.00*B*D*G*J  -0.00*A*E*G*J  +0.00*B*E*G*J  +0.00*D*E*G*J  +0.00*B*F*G*J  +0.00*D*F*G*J  -0.00*E*F*G*J  +0.00*A*B*D*K  +0.00*A*D*E*K  +0.00*A*B*F*K  +0.00*A*D*F*K  +0.00*B*D*F*K  -0.00*A*E*F*K  +0.00*D*E*F*K  -0.00*A*B*J*K  +0.00*B*D*J*K  +0.00*A*E*J*K  -0.00*D*E*J*K  +0.00*B*F*J*K  -0.00*D*F*J*K  -0.00*E*F*J*K  -0.00*A*B*D*E*F  -0.00*A*B*D*E*G  -0.00*A*B*D*F*G  +0.00*A*B*E*F*G  +0.00*A*D*E*F*G  +0.00*B*D*E*F*G  +0.00*B*D*E*F*J  +0.00*A*B*E*G*J  -0.00*B*D*E*G*J  +0.00*B*D*F*G*J  +0.00*B*E*F*G*J  +0.00*D*E*F*G*J  +0.00*A*B*D*F*K  +0.00*A*D*E*F*K  -0.00*B*D*F*J*K  +0.00*D*E*F*J*K  +0.00*A*B*D*E*F*G  +0.00*B*D*E*F*G*J "
"flop_dp_efficiency","0 +0.00*A  +0.00*B  +0.00*D  +0.00*E  -0.00*F  +0.00*G  -0.00*J  +0.00*K  -0.00*(A**2)  +0.00*(B**2)  -0.00*(D**2)  -0.00*(E**2)  +0.00*(F**2)  -0.00*A*B  -0.00*A*D  -0.00*B*D  +0.00*A*E  +0.00*B*E  +0.00*D*E  +0.00*A*F  -0.00*B*F  +0.00*D*F  -0.00*E*F  +0.00*A*G  -0.00*B*G  -0.00*D*G  +0.00*E*G  -0.00*F*G  +0.00*A*J  +0.00*B*J  +0.00*D*J  +0.00*E*J  -0.00*F*J  -0.00*G*J  -0.00*A*K  +0.00*B*K  +0.00*D*K  -0.00*E*K  -0.00*F*K  +0.00*J*K  -0.00*A*B*D  -0.00*A*B*E  -0.00*A*D*E  +0.00*B*D*E  -0.00*A*B*F  +0.00*A*D*F  +0.00*B*D*F  +0.00*A*E*F  -0.00*B*E*F  -0.00*D*E*F  +0.00*A*B*G  -0.00*A*D*G  +0.00*B*D*G  -0.00*A*E*G  +0.00*B*E*G  +0.00*D*E*G  -0.00*A*F*G  +0.00*B*F*G  -0.00*D*F*G  -0.00*E*F*G  -0.00*A*B*J  +0.00*B*D*J  -0.00*A*E*J  +0.00*B*E*J  +0.00*D*E*J  +0.00*B*F*J  -0.00*D*F*J  -0.00*E*F*J  -0.00*A*G*J  +0.00*B*G*J  +0.00*D*G*J  -0.00*E*G*J  +0.00*F*G*J  -0.00*A*B*K  -0.00*A*D*K  -0.00*B*D*K  -0.00*A*E*K  -0.00*D*E*K  -0.00*A*F*K  -0.00*B*F*K  +0.00*D*F*K  +0.00*E*F*K  -0.00*A*J*K  -0.00*B*J*K  +0.00*D*J*K  -0.00*E*J*K  +0.00*F*J*K  -0.00*A*B*D*E  +0.00*A*B*D*F  +0.00*A*B*E*F  -0.00*A*D*E*F  +0.00*B*D*E*F  +0.00*A*B*D*G  -0.00*A*B*E*G  -0.00*A*D*E*G  -0.00*B*D*E*G  +0.00*A*B*F*G  -0.00*A*D*F*G  -0.00*B*D*F*G  +0.00*A*E*F*G  -0.00*B*E*F*G  -0.00*D*E*F*G  +0.00*A*B*E*J  +0.00*B*D*E*J  +0.00*B*D*F*J  +0.00*B*E*F*J  +0.00*D*E*F*J  +0.00*A*B*G*J  +0.00*B*D*G*J  -0.00*A*E*G*J  +0.00*B*E*G*J  +0.00*D*E*G*J  +0.00*B*F*G*J  +0.00*D*F*G*J  -0.00*E*F*G*J  +0.00*A*B*D*K  +0.00*A*D*E*K  +0.00*A*B*F*K  +0.00*A*D*F*K  +0.00*B*D*F*K  -0.00*A*E*F*K  +0.00*D*E*F*K  -0.00*A*B*J*K  +0.00*B*D*J*K  +0.00*A*E*J*K  -0.00*D*E*J*K  +0.00*B*F*J*K  -0.00*D*F*J*K  -0.00*E*F*J*K  -0.00*A*B*D*E*F  -0.00*A*B*D*E*G  -0.00*A*B*D*F*G  +0.00*A*B*E*F*G  +0.00*A*D*E*F*G  +0.00*B*D*E*F*G  +0.00*B*D*E*F*J  +0.00*A*B*E*G*J  -0.00*B*D*E*G*J  +0.00*B*D*F*G*J  +0.00*B*E*F*G*J  +0.00*D*E*F*G*J  +0.00*A*B*D*F*K  +0.00*A*D*E*F*K  -0.00*B*D*F*J*K  +0.00*D*E*F*J*K  +0.00*A*B*D*E*F*G  +0.00*B*D*E*F*G*J "
"special_fu_utilization","0 +0.00*A  +0.00*B  +0.00*D  +0.00*E  -0.00*F  +0.00*G  -0.00*J  +0.00*K  -0.00*(A**2)  +0.00*(B**2)  -0.00*(D**2)  -0.00*(E**2)  +0.00*(F**2)  -0.00*A*B  -0.00*A*D  -0.00*B*D  +0.00*A*E  +0.00*B*E  +0.00*D*E  +0.00*A*F  -0.00*B*F  +0.00*D*F  -0.00*E*F  +0.00*A*G  -0.00*B*G  -0.00*D*G  +0.00*E*G  -0.00*F*G  +0.00*A*J  +0.00*B*J  +0.00*D*J  +0.00*E*J  -0.00*F*J  -0.00*G*J  -0.00*A*K  +0.00*B*K  +0.00*D*K  -0.00*E*K  -0.00*F*K  +0.00*J*K  -0.00*A*B*D  -0.00*A*B*E  -0.00*A*D*E  +0.00*B*D*E  -0.00*A*B*F  +0.00*A*D*F  +0.00*B*D*F  +0.00*A*E*F  -0.00*B*E*F  -0.00*D*E*F  +0.00*A*B*G  -0.00*A*D*G  +0.00*B*D*G  -0.00*A*E*G  +0.00*B*E*G  +0.00*D*E*G  -0.00*A*F*G  +0.00*B*F*G  -0.00*D*F*G  -0.00*E*F*G  -0.00*A*B*J  +0.00*B*D*J  -0.00*A*E*J  +0.00*B*E*J  +0.00*D*E*J  +0.00*B*F*J  -0.00*D*F*J  -0.00*E*F*J  -0.00*A*G*J  +0.00*B*G*J  +0.00*D*G*J  -0.00*E*G*J  +0.00*F*G*J  -0.00*A*B*K  -0.00*A*D*K  -0.00*B*D*K  -0.00*A*E*K  -0.00*D*E*K  -0.00*A*F*K  -0.00*B*F*K  +0.00*D*F*K  +0.00*E*F*K  -0.00*A*J*K  -0.00*B*J*K  +0.00*D*J*K  -0.00*E*J*K  +0.00*F*J*K  -0.00*A*B*D*E  +0.00*A*B*D*F  +0.00*A*B*E*F  -0.00*A*D*E*F  +0.00*B*D*E*F  +0.00*A*B*D*G  -0.00*A*B*E*G  -0.00*A*D*E*G  -0.00*B*D*E*G  +0.00*A*B*F*G  -0.00*A*D*F*G  -0.00*B*D*F*G  +0.00*A*E*F*G  -0.00*B*E*F*G  -0.00*D*E*F*G  +0.00*A*B*E*J  +0.00*B*D*E*J  +0.00*B*D*F*J  +0.00*B*E*F*J  +0.00*D*E*F*J  +0.00*A*B*G*J  +0.00*B*D*G*J  -0.00*A*E*G*J  +0.00*B*E*G*J  +0.00*D*E*G*J  +0.00*B*F*G*J  +0.00*D*F*G*J  -0.00*E*F*G*J  +0.00*A*B*D*K  +0.00*A*D*E*K  +0.00*A*B*F*K  +0.00*A*D*F*K  +0.00*B*D*F*K  -0.00*A*E*F*K  +0.00*D*E*F*K  -0.00*A*B*J*K  +0.00*B*D*J*K  +0.00*A*E*J*K  -0.00*D*E*J*K  +0.00*B*F*J*K  -0.00*D*F*J*K  -0.00*E*F*J*K  -0.00*A*B*D*E*F  -0.00*A*B*D*E*G  -0.00*A*B*D*F*G  +0.00*A*B*E*F*G  +0.00*A*D*E*F*G  +0.00*B*D*E*F*G  +0.00*B*D*E*F*J  +0.00*A*B*E*G*J  -0.00*B*D*E*G*J  +0.00*B*D*F*G*J  +0.00*B*E*F*G*J  +0.00*D*E*F*G*J  +0.00*A*B*D*F*K  +0.00*A*D*E*F*K  -0.00*B*D*F*J*K  +0.00*D*E*F*J*K  +0.00*A*B*D*E*F*G  +0.00*B*D*E*F*G*J "
"cf_fu_utilization","1 +0.00*A  +0.00*B  +0.00*D  -0.00*E  -0.00*F  -0.00*G  -0.00*J  -0.00*K  -0.00*(A**2)  -0.00*(B**2)  -0.00*(D**2)  -0.00*(E**2)  -0.00*(F**2)  +0.00*A*B  -0.00*A*D  -0.00*B*D  -0.00*A*E  -0.00*B*E  -0.00*D*E  +0.00*A*F  +0.00*B*F  -0.00*D*F  -0.00*E*F  +0.00*A*G  +0.00*B*G  -0.00*D*G  +0.00*E*G  +0.00*F*G  +0.00*A*J  -0.00*B*J  +0.00*D*J  -0.00*E*J  -0.00*F*J  -0.00*G*J  +0.00*A*K  +0.00*B*K  -0.00*D*K  -0.00*E*K  -0.00*F*K  -0.00*J*K  +0.00*A*B*D  +0.00*A*B*E  +0.00*A*D*E  +0.00*B*D*E  -0.00*A*B*F  +0.00*A*D*F  +0.00*B*D*F  +0.00*A*E*F  +0.00*B*E*F  +0.00*D*E*F  -0.00*A*B*G  +0.00*A*D*G  +0.00*B*D*G  +0.00*A*E*G  +0.00*B*E*G  +0.00*D*E*G  -0.00*A*F*G  +0.00*B*F*G  +0.00*D*F*G  +0.00*E*F*G  -0.00*A*B*J  -0.00*B*D*J  +0.00*A*E*J  +0.00*B*E*J  +0.00*D*E*J  +0.00*B*F*J  -0.00*D*F*J  -0.00*E*F*J  +0.00*A*G*J  +0.00*B*G*J  -0.00*D*G*J  +0.00*E*G*J  +0.00*F*G*J  -0.00*A*B*K  +0.00*A*D*K  +0.00*B*D*K  -0.00*A*E*K  +0.00*D*E*K  +0.00*A*F*K  +0.00*B*F*K  +0.00*D*F*K  -0.00*E*F*K  +0.00*A*J*K  +0.00*B*J*K  -0.00*D*J*K  -0.00*E*J*K  -0.00*F*J*K  -0.00*A*B*D*E  -0.00*A*B*D*F  -0.00*A*B*E*F  +0.00*A*D*E*F  +0.00*B*D*E*F  -0.00*A*B*D*G  -0.00*A*B*E*G  -0.00*A*D*E*G  -0.00*B*D*E*G  +0.00*A*B*F*G  -0.00*A*D*F*G  -0.00*B*D*F*G  -0.00*A*E*F*G  -0.00*B*E*F*G  +0.00*D*E*F*G  -0.00*A*B*E*J  +0.00*B*D*E*J  +0.00*B*D*F*J  +0.00*B*E*F*J  +0.00*D*E*F*J  -0.00*A*B*G*J  +0.00*B*D*G*J  -0.00*A*E*G*J  -0.00*B*E*G*J  +0.00*D*E*G*J  +0.00*B*F*G*J  +0.00*D*F*G*J  +0.00*E*F*G*J  -0.00*A*B*D*K  +0.00*A*D*E*K  -0.00*A*B*F*K  -0.00*A*D*F*K  -0.00*B*D*F*K  +0.00*A*E*F*K  -0.00*D*E*F*K  -0.00*A*B*J*K  +0.00*B*D*J*K  +0.00*A*E*J*K  +0.00*D*E*J*K  +0.00*B*F*J*K  +0.00*D*F*J*K  -0.00*E*F*J*K  -0.00*A*B*D*E*F  +0.00*A*B*D*E*G  +0.00*A*B*D*F*G  +0.00*A*B*E*F*G  -0.00*A*D*E*F*G  -0.00*B*D*E*F*G  +0.00*B*D*E*F*J  +0.00*A*B*E*G*J  -0.00*B*D*E*G*J  -0.00*B*D*F*G*J  -0.00*B*E*F*G*J  +0.00*D*E*F*G*J  +0.00*A*B*D*F*K  +0.00*A*D*E*F*K  -0.00*B*D*F*J*K  -0.00*D*E*F*J*K  +0.00*A*B*D*E*F*G  -0.00*B*D*E*F*G*J "
"ldst_fu_utilization","1.32 -0.34*A  -0.23*B  +0.39*D  +0.31*E  -0.12*F  -0.03*G  +0.08*J  -0.04*K  +0.07*(A**2)  +0.04*(B**2)  +0.03*(D**2)  -0.01*(E**2)  +0.00*(F**2)  +0.10*A*B  -0.23*A*D  -0.15*B*D  -0.18*A*E  -0.13*B*E  +0.31*D*E  +0.07*A*F  +0.07*B*F  -0.14*D*F  -0.14*E*F  +0.03*A*G  +0.04*B*G  -0.04*D*G  -0.00*E*G  +0.02*F*G  -0.02*A*J  -0.02*B*J  +0.04*D*J  +0.03*E*J  -0.01*F*J  -0.01*G*J  +0.03*A*K  +0.02*B*K  -0.06*D*K  -0.01*E*K  +0.01*F*K  +0.00*J*K  +0.10*A*B*D  +0.08*A*B*E  -0.18*A*D*E  -0.12*B*D*E  -0.04*A*B*F  +0.09*A*D*F  +0.07*B*D*F  +0.08*A*E*F  +0.07*B*E*F  -0.14*D*E*F  -0.03*A*B*G  +0.03*A*D*G  +0.05*B*D*G  +0.01*A*E*G  +0.02*B*E*G  +0.01*D*E*G  -0.01*A*F*G  -0.02*B*F*G  +0.03*D*F*G  +0.01*E*F*G  -0.00*A*B*J  -0.02*B*D*J  -0.00*A*E*J  -0.02*B*E*J  +0.02*D*E*J  +0.01*B*F*J  -0.01*D*F*J  -0.01*E*F*J  +0.00*A*G*J  +0.01*B*G*J  -0.01*D*G*J  -0.01*E*G*J  +0.00*F*G*J  -0.02*A*B*K  +0.03*A*D*K  +0.03*B*D*K  +0.00*A*E*K  -0.00*D*E*K  -0.00*A*F*K  -0.00*B*F*K  -0.00*D*F*K  -0.00*E*F*K  -0.00*A*J*K  -0.00*B*J*K  -0.00*D*J*K  +0.00*E*J*K  +0.00*F*J*K  +0.08*A*B*D*E  -0.04*A*B*D*F  -0.04*A*B*E*F  +0.08*A*D*E*F  +0.07*B*D*E*F  -0.03*A*B*D*G  -0.02*A*B*E*G  +0.00*A*D*E*G  +0.02*B*D*E*G  +0.01*A*B*F*G  -0.02*A*D*F*G  -0.01*B*D*F*G  -0.01*A*E*F*G  -0.01*B*E*F*G  +0.02*D*E*F*G  +0.00*A*B*E*J  -0.02*B*D*E*J  +0.01*B*D*F*J  +0.01*B*E*F*J  -0.01*D*E*F*J  -0.00*A*B*G*J  +0.01*B*D*G*J  +0.00*A*E*G*J  +0.01*B*E*G*J  -0.00*D*E*G*J  -0.00*B*F*G*J  +0.00*D*F*G*J  +0.00*E*F*G*J  -0.02*A*B*D*K  +0.00*A*D*E*K  +0.00*A*B*F*K  +0.00*A*D*F*K  -0.00*B*D*F*K  +0.00*A*E*F*K  -0.00*D*E*F*K  +0.00*A*B*J*K  +0.00*B*D*J*K  +0.00*A*E*J*K  -0.00*D*E*J*K  -0.00*B*F*J*K  -0.00*D*F*J*K  -0.00*E*F*J*K  -0.04*A*B*D*E*F  -0.02*A*B*D*E*G  +0.01*A*B*D*F*G  +0.01*A*B*E*F*G  -0.01*A*D*E*F*G  -0.01*B*D*E*F*G  +0.01*B*D*E*F*J  -0.00*A*B*E*G*J  +0.00*B*D*E*G*J  -0.00*B*D*F*G*J  -0.00*B*E*F*G*J  +0.00*D*E*F*G*J  +0.00*A*B*D*F*K  +0.00*A*D*E*F*K  -0.00*B*D*F*J*K  -0.00*D*E*F*J*K  +0.01*A*B*D*E*F*G  -0.00*B*D*E*F*G*J "
"tex_fu_utilization","3.41 -1.12*A  -0.95*B  +1.11*D  +1.43*E  -0.13*F  -0.09*G  -0.33*J  +0.04*K  +0.19*(A**2)  +0.29*(B**2)  -0.16*(D**2)  -0.11*(E**2)  -0.01*(F**2)  +0.29*A*B  -0.47*A*D  -0.15*B*D  -0.57*A*E  -0.16*B*E  +0.62*D*E  +0.08*A*F  +0.15*B*F  -0.03*D*F  -0.08*E*F  +0.17*A*G  +0.12*B*G  -0.13*D*G  -0.07*E*G  -0.10*F*G  +0.15*A*J  +0.16*B*J  +0.18*D*J  +0.17*E*J  -0.03*F*J  -0.11*G*J  -0.02*A*K  +0.03*B*K  +0.14*D*K  +0.10*E*K  -0.07*F*K  +0.09*J*K  +0.10*A*B*D  +0.14*A*B*E  -0.46*A*D*E  -0.12*B*D*E  -0.09*A*B*F  +0.02*A*D*F  +0.05*B*D*F  +0.04*A*E*F  +0.07*B*E*F  -0.05*D*E*F  -0.10*A*B*G  +0.17*A*D*G  +0.10*B*D*G  +0.10*A*E*G  +0.07*B*E*G  -0.08*D*E*G  +0.05*A*F*G  -0.00*B*F*G  -0.09*D*F*G  -0.07*E*F*G  -0.11*A*B*J  -0.02*B*D*J  +0.05*A*E*J  -0.05*B*E*J  +0.41*D*E*J  +0.02*B*F*J  -0.02*D*F*J  -0.02*E*F*J  +0.02*A*G*J  +0.00*B*G*J  -0.11*D*G*J  -0.09*E*G*J  -0.02*F*G*J  -0.04*A*B*K  -0.09*A*D*K  -0.01*B*D*K  -0.08*A*E*K  +0.15*D*E*K  +0.05*A*F*K  +0.01*B*F*K  -0.05*D*F*K  -0.07*E*F*K  -0.02*A*J*K  -0.05*B*J*K  +0.07*D*J*K  +0.03*E*J*K  -0.01*F*J*K  +0.13*A*B*D*E  -0.03*A*B*D*F  -0.04*A*B*E*F  +0.03*A*D*E*F  +0.06*B*D*E*F  -0.08*A*B*D*G  -0.05*A*B*E*G  +0.11*A*D*E*G  +0.03*B*D*E*G  +0.00*A*B*F*G  +0.05*A*D*F*G  -0.00*B*D*F*G  +0.03*A*E*F*G  -0.00*B*E*F*G  -0.09*D*E*F*G  -0.00*A*B*E*J  -0.05*B*D*E*J  +0.01*B*D*F*J  +0.01*B*E*F*J  -0.03*D*E*F*J  -0.00*A*B*G*J  +0.03*B*D*G*J  +0.00*A*E*G*J  +0.00*B*E*G*J  -0.08*D*E*G*J  -0.00*B*F*G*J  -0.02*D*F*G*J  -0.02*E*F*G*J  +0.01*A*B*D*K  -0.08*A*D*E*K  -0.01*A*B*F*K  +0.04*A*D*F*K  +0.00*B*D*F*K  +0.05*A*E*F*K  -0.05*D*E*F*K  +0.01*A*B*J*K  -0.00*B*D*J*K  +0.00*A*E*J*K  +0.10*D*E*J*K  +0.00*B*F*J*K  -0.01*D*F*J*K  -0.01*E*F*J*K  -0.03*A*B*D*E*F  -0.03*A*B*D*E*G  +0.00*A*B*D*F*G  +0.00*A*B*E*F*G  +0.04*A*D*E*F*G  -0.01*B*D*E*F*G  +0.00*B*D*E*F*J  +0.01*A*B*E*G*J  +0.01*B*D*E*G*J  -0.00*B*D*F*G*J  -0.00*B*E*F*G*J  -0.02*D*E*F*G*J  -0.00*A*B*D*F*K  +0.04*A*D*E*F*K  +0.00*B*D*F*J*K  -0.02*D*E*F*J*K  +0.01*A*B*D*E*F*G  -0.00*B*D*E*F*G*J "
"issue_slot_utilization","27.1 -13.14*A  -3.37*B  +15.76*D  +7.63*E  -2.03*F  +0.18*G  +3.86*J  -0.17*K  +3.09*(A**2)  +1.09*(B**2)  -0.30*(D**2)  -0.85*(E**2)  +0.05*(F**2)  +2.24*A*B  -5.16*A*D  -1.08*B*D  -3.43*A*E  +0.43*B*E  +4.85*D*E  +1.00*A*F  +1.53*B*F  -1.28*D*F  -1.72*E*F  +0.45*A*G  +1.14*B*G  -0.18*D*G  -0.46*E*G  -0.99*F*G  +0.21*A*J  +0.75*B*J  +2.94*D*J  +2.13*E*J  -0.47*F*J  -0.55*G*J  +0.21*A*K  +0.85*B*K  +1.29*D*K  +0.67*E*K  -0.52*F*K  +0.20*J*K  +0.70*A*B*D  -0.28*A*B*E  -2.85*A*D*E  -0.14*B*D*E  -0.80*A*B*F  +0.57*A*D*F  +0.67*B*D*F  +0.68*A*E*F  +0.85*B*E*F  -1.33*D*E*F  -0.49*A*B*G  +0.51*A*D*G  +0.85*B*D*G  +0.37*A*E*G  +0.70*B*E*G  -0.81*D*E*G  +0.37*A*F*G  +0.23*B*F*G  -0.82*D*F*G  -0.95*E*F*G  -0.52*A*B*J  -0.06*B*D*J  +0.08*A*E*J  +0.29*B*E*J  +1.64*D*E*J  +0.30*B*F*J  -0.43*D*F*J  -0.66*E*F*J  +0.20*A*G*J  +0.24*B*G*J  -0.23*D*G*J  -0.46*E*G*J  -0.43*F*G*J  -0.40*A*B*K  -0.21*A*D*K  +0.06*B*D*K  -0.34*A*E*K  +1.53*D*E*K  +0.33*A*F*K  +0.09*B*F*K  -0.14*D*F*K  -0.43*E*F*K  +0.02*A*J*K  -0.03*B*J*K  +0.21*D*J*K  +0.39*E*J*K  -0.05*F*J*K  +0.26*A*B*D*E  -0.28*A*B*D*F  -0.33*A*B*E*F  +0.45*A*D*E*F  +0.78*B*D*E*F  -0.27*A*B*D*G  -0.19*A*B*E*G  +0.58*A*D*E*G  +0.71*B*D*E*G  -0.02*A*B*F*G  +0.29*A*D*F*G  +0.17*B*D*F*G  +0.21*A*E*F*G  +0.20*B*E*F*G  -0.99*D*E*F*G  -0.07*A*B*E*J  +0.33*B*D*E*J  +0.20*B*D*F*J  +0.33*B*E*F*J  -0.62*D*E*F*J  -0.07*A*B*G*J  +0.04*B*D*G*J  +0.01*A*E*G*J  +0.19*B*E*G*J  -0.45*D*E*G*J  +0.18*B*F*G*J  -0.44*D*F*G*J  -0.60*E*F*G*J  +0.04*A*B*D*K  -0.33*A*D*E*K  -0.06*A*B*F*K  +0.10*A*D*F*K  -0.04*B*D*F*K  +0.27*A*E*F*K  -0.14*D*E*F*K  +0.01*A*B*J*K  -0.07*B*D*J*K  -0.09*A*E*J*K  +0.36*D*E*J*K  -0.00*B*F*J*K  +0.00*D*F*J*K  -0.04*E*F*J*K  -0.28*A*B*D*E*F  -0.17*A*B*D*E*G  +0.02*A*B*D*F*G  +0.06*A*B*E*F*G  +0.24*A*D*E*F*G  +0.16*B*D*E*F*G  +0.31*B*D*E*F*J  -0.01*A*B*E*G*J  +0.16*B*D*E*G*J  +0.18*B*D*F*G*J  +0.28*B*E*F*G*J  -0.62*D*E*F*G*J  +0.02*A*B*D*F*K  +0.10*A*D*E*F*K  -0.02*B*D*F*J*K  -0.01*D*E*F*J*K  +0.09*A*B*D*E*F*G  +0.27*B*D*E*F*G*J "
"warp_execution_efficiency","100 +0.00*A  +0.00*B  +0.00*D  -0.00*E  -0.00*F  -0.00*G  -0.00*J  -0.00*K  -0.00*(A**2)  -0.00*(B**2)  -0.00*(D**2)  -0.00*(E**2)  -0.00*(F**2)  +0.00*A*B  -0.00*A*D  -0.00*B*D  -0.00*A*E  -0.00*B*E  -0.00*D*E  +0.00*A*F  +0.00*B*F  -0.00*D*F  -0.00*E*F  +0.00*A*G  +0.00*B*G  -0.00*D*G  +0.00*E*G  +0.00*F*G  +0.00*A*J  -0.00*B*J  +0.00*D*J  -0.00*E*J  -0.00*F*J  -0.00*G*J  +0.00*A*K  +0.00*B*K  -0.00*D*K  -0.00*E*K  -0.00*F*K  -0.00*J*K  +0.00*A*B*D  +0.00*A*B*E  +0.00*A*D*E  +0.00*B*D*E  -0.00*A*B*F  +0.00*A*D*F  +0.00*B*D*F  +0.00*A*E*F  +0.00*B*E*F  +0.00*D*E*F  -0.00*A*B*G  +0.00*A*D*G  +0.00*B*D*G  +0.00*A*E*G  +0.00*B*E*G  +0.00*D*E*G  -0.00*A*F*G  +0.00*B*F*G  +0.00*D*F*G  +0.00*E*F*G  -0.00*A*B*J  -0.00*B*D*J  +0.00*A*E*J  +0.00*B*E*J  +0.00*D*E*J  +0.00*B*F*J  -0.00*D*F*J  -0.00*E*F*J  +0.00*A*G*J  +0.00*B*G*J  -0.00*D*G*J  +0.00*E*G*J  +0.00*F*G*J  -0.00*A*B*K  +0.00*A*D*K  +0.00*B*D*K  -0.00*A*E*K  +0.00*D*E*K  +0.00*A*F*K  +0.00*B*F*K  +0.00*D*F*K  -0.00*E*F*K  +0.00*A*J*K  +0.00*B*J*K  -0.00*D*J*K  -0.00*E*J*K  -0.00*F*J*K  -0.00*A*B*D*E  -0.00*A*B*D*F  -0.00*A*B*E*F  +0.00*A*D*E*F  +0.00*B*D*E*F  -0.00*A*B*D*G  -0.00*A*B*E*G  -0.00*A*D*E*G  -0.00*B*D*E*G  +0.00*A*B*F*G  -0.00*A*D*F*G  -0.00*B*D*F*G  -0.00*A*E*F*G  -0.00*B*E*F*G  +0.00*D*E*F*G  -0.00*A*B*E*J  +0.00*B*D*E*J  +0.00*B*D*F*J  +0.00*B*E*F*J  +0.00*D*E*F*J  -0.00*A*B*G*J  +0.00*B*D*G*J  -0.00*A*E*G*J  -0.00*B*E*G*J  +0.00*D*E*G*J  +0.00*B*F*G*J  +0.00*D*F*G*J  +0.00*E*F*G*J  -0.00*A*B*D*K  +0.00*A*D*E*K  -0.00*A*B*F*K  -0.00*A*D*F*K  -0.00*B*D*F*K  +0.00*A*E*F*K  -0.00*D*E*F*K  -0.00*A*B*J*K  +0.00*B*D*J*K  +0.00*A*E*J*K  +0.00*D*E*J*K  +0.00*B*F*J*K  +0.00*D*F*J*K  -0.00*E*F*J*K  -0.00*A*B*D*E*F  +0.00*A*B*D*E*G  +0.00*A*B*D*F*G  +0.00*A*B*E*F*G  -0.00*A*D*E*F*G  -0.00*B*D*E*F*G  +0.00*B*D*E*F*J  +0.00*A*B*E*G*J  -0.00*B*D*E*G*J  -0.00*B*D*F*G*J  -0.00*B*E*F*G*J  +0.00*D*E*F*G*J  +0.00*A*B*D*F*K  +0.00*A*D*E*F*K  -0.00*B*D*F*J*K  -0.00*D*E*F*J*K  +0.00*A*B*D*E*F*G  -0.00*B*D*E*F*G*J "
"warp_nonpred_execution_efficiency","99.89 +0.04*A  +0.03*B  -0.04*D  -0.03*E  +0.00*F  +0.00*G  -0.01*J  +0.00*K  -0.01*(A**2)  -0.01*(B**2)  +0.00*(D**2)  +0.00*(E**2)  -0.00*(F**2)  -0.00*A*B  +0.02*A*D  +0.01*B*D  +0.01*A*E  +0.00*B*E  -0.02*D*E  -0.00*A*F  -0.00*B*F  -0.00*D*F  +0.00*E*F  -0.00*A*G  -0.00*B*G  +0.00*D*G  +0.00*E*G  +0.00*F*G  -0.00*A*J  +0.00*B*J  +0.00*D*J  -0.01*E*J  +0.00*F*J  +0.00*G*J  -0.00*A*K  -0.00*B*K  +0.00*D*K  +0.00*E*K  +0.00*F*K  +0.01*J*K  -0.00*A*B*D  +0.00*A*B*E  +0.01*A*D*E  -0.00*B*D*E  +0.00*A*B*F  +0.00*A*D*F  +0.00*B*D*F  -0.00*A*E*F  +0.00*B*E*F  -0.00*D*E*F  -0.00*A*B*G  -0.00*A*D*G  -0.00*B*D*G  -0.00*A*E*G  -0.00*B*E*G  +0.00*D*E*G  -0.00*A*F*G  +0.00*B*F*G  +0.00*D*F*G  +0.00*E*F*G  +0.00*A*B*J  +0.00*B*D*J  -0.00*A*E*J  +0.00*B*E*J  -0.00*D*E*J  +0.00*B*F*J  -0.00*D*F*J  +0.00*E*F*J  +0.00*A*G*J  -0.00*B*G*J  +0.00*D*G*J  +0.00*E*G*J  -0.00*F*G*J  +0.00*A*B*K  +0.01*A*D*K  -0.00*B*D*K  +0.00*A*E*K  -0.00*D*E*K  -0.00*A*F*K  -0.00*B*F*K  -0.00*D*F*K  +0.00*E*F*K  -0.00*A*J*K  -0.00*B*J*K  +0.00*D*J*K  -0.00*E*J*K  +0.00*F*J*K  -0.00*A*B*D*E  -0.00*A*B*D*F  +0.00*A*B*E*F  +0.00*A*D*E*F  +0.00*B*D*E*F  -0.00*A*B*D*G  -0.00*A*B*E*G  -0.00*A*D*E*G  -0.00*B*D*E*G  +0.00*A*B*F*G  -0.00*A*D*F*G  +0.00*B*D*F*G  -0.00*A*E*F*G  +0.00*B*E*F*G  +0.00*D*E*F*G  +0.00*A*B*E*J  -0.00*B*D*E*J  +0.00*B*D*F*J  +0.00*B*E*F*J  -0.00*D*E*F*J  -0.00*A*B*G*J  +0.00*B*D*G*J  -0.00*A*E*G*J  -0.00*B*E*G*J  +0.00*D*E*G*J  +0.00*B*F*G*J  +0.00*D*F*G*J  +0.00*E*F*G*J  -0.00*A*B*D*K  +0.01*A*D*E*K  +0.00*A*B*F*K  +0.00*A*D*F*K  +0.00*B*D*F*K  -0.00*A*E*F*K  -0.00*D*E*F*K  +0.00*A*B*J*K  -0.00*B*D*J*K  -0.00*A*E*J*K  -0.00*D*E*J*K  -0.00*B*F*J*K  -0.00*D*F*J*K  +0.00*E*F*J*K  -0.00*A*B*D*E*F  -0.00*A*B*D*E*G  +0.00*A*B*D*F*G  +0.00*A*B*E*F*G  -0.00*A*D*E*F*G  +0.00*B*D*E*F*G  +0.00*B*D*E*F*J  +0.00*A*B*E*G*J  -0.00*B*D*E*G*J  +0.00*B*D*F*G*J  +0.00*B*E*F*G*J  -0.00*D*E*F*G*J  -0.00*A*B*D*F*K  +0.00*A*D*E*F*K  +0.00*B*D*F*J*K  -0.00*D*E*F*J*K  +0.00*A*B*D*E*F*G  +0.00*B*D*E*F*G*J "
"Maximum work-group size","1011.55 +38.33*A  +44.42*B  -51.47*D  -52.08*E  -0.57*F  +5.14*G  -44.01*J  -41.24*K  -8.36*(A**2)  -10.37*(B**2)  -18.34*(D**2)  -22.00*(E**2)  -0.88*(F**2)  -20.57*A*B  -13.06*A*D  +33.40*B*D  +26.65*A*E  -11.76*B*E  -64.45*D*E  +3.12*A*F  +1.84*B*F  +7.72*D*F  +3.18*E*F  +1.62*A*G  +6.15*B*G  +7.11*D*G  +18.34*E*G  +4.71*F*G  +17.78*A*J  +30.69*B*J  -30.96*D*J  -35.57*E*J  +1.44*F*J  -3.82*G*J  +25.74*A*K  +17.50*B*K  -31.68*D*K  -33.68*E*K  -1.85*F*K  -40.68*J*K  +17.94*A*B*D  +18.20*A*B*E  -19.07*A*D*E  -23.37*B*D*E  -1.17*A*B*F  -1.87*A*D*F  -3.03*B*D*F  +2.15*A*E*F  -2.95*B*E*F  +8.14*D*E*F  -5.17*A*B*G  -2.94*A*D*G  +5.58*B*D*G  -3.48*A*E*G  +0.02*B*E*G  +16.56*D*E*G  -0.28*A*F*G  +0.91*B*F*G  +5.83*D*F*G  +7.85*E*F*G  -11.72*A*B*J  +28.34*B*D*J  +15.91*A*E*J  -19.64*B*E*J  -24.62*D*E*J  +0.25*B*F*J  +2.72*D*F*J  +4.11*E*F*J  +1.06*A*G*J  +5.29*B*G*J  -5.05*D*G*J  +3.21*E*G*J  +2.64*F*G*J  -10.94*A*B*K  -21.91*A*D*K  +11.99*B*D*K  +20.78*A*E*K  -21.36*D*E*K  +1.11*A*F*K  +0.93*B*F*K  +3.60*D*F*K  -1.20*E*F*K  +16.67*A*J*K  +16.49*B*J*K  -31.69*D*J*K  -34.18*E*J*K  -0.19*F*J*K  +1.13*A*B*D*E  +1.77*A*B*D*F  +1.72*A*B*E*F  -0.58*A*D*E*F  -0.49*B*D*E*F  -2.51*A*B*D*G  -2.40*A*B*E*G  -0.89*A*D*E*G  +0.93*B*D*E*G  -0.62*A*B*F*G  -0.73*A*D*F*G  +0.58*B*D*F*G  -0.65*A*E*F*G  +0.55*B*E*F*G  +7.73*D*E*F*G  +3.66*A*B*E*J  -21.96*B*D*E*J  -0.25*B*D*F*J  -0.25*B*E*F*J  +4.37*D*E*F*J  -0.86*A*B*G*J  +5.81*B*D*G*J  -0.52*A*E*G*J  +1.62*B*E*G*J  +3.51*D*E*G*J  +0.16*B*F*G*J  +2.53*D*F*G*J  +4.58*E*F*G*J  +3.26*A*B*D*K  -19.71*A*D*E*K  -0.56*A*B*F*K  -2.16*A*D*F*K  -0.47*B*D*F*K  +0.72*A*E*F*K  +3.09*D*E*F*K  -6.41*A*B*J*K  +11.06*B*D*J*K  +15.12*A*E*J*K  -23.72*D*E*J*K  +0.09*B*F*J*K  +0.36*D*F*J*K  -0.12*E*F*J*K  +0.32*A*B*D*E*F  -3.85*A*B*D*E*G  -0.40*A*B*D*F*G  -0.38*A*B*E*F*G  -0.33*A*D*E*F*G  +0.67*B*D*E*F*G  -0.08*B*D*E*F*J  +0.38*A*B*E*G*J  +1.35*B*D*E*G*J  +0.11*B*D*F*G*J  +0.10*B*E*F*G*J  +4.33*D*E*F*G*J  +0.28*A*B*D*F*K  -1.86*A*D*E*F*K  -0.05*B*D*F*J*K  +0.31*D*E*F*J*K  -0.38*A*B*D*E*F*G  +0.04*B*D*E*F*G*J "
"Local memory size","4096 +0.00*A  +2048.00*B  +0.00*D  +0.00*E  -0.00*F  -0.00*G  -0.00*J  -0.00*K  -0.00*(A**2)  -0.00*(B**2)  -0.00*(D**2)  -0.00*(E**2)  -0.00*(F**2)  +0.00*A*B  -0.00*A*D  -0.00*B*D  -0.00*A*E  -0.00*B*E  -0.00*D*E  +0.00*A*F  +0.00*B*F  -0.00*D*F  -0.00*E*F  +0.00*A*G  +0.00*B*G  -0.00*D*G  +0.00*E*G  +0.00*F*G  +0.00*A*J  -0.00*B*J  +0.00*D*J  -0.00*E*J  -0.00*F*J  -0.00*G*J  +0.00*A*K  +0.00*B*K  -0.00*D*K  +0.00*E*K  -0.00*F*K  -0.00*J*K  +0.00*A*B*D  +0.00*A*B*E  -0.00*A*D*E  -0.00*B*D*E  -0.00*A*B*F  +0.00*A*D*F  +0.00*B*D*F  +0.00*A*E*F  +0.00*B*E*F  -0.00*D*E*F  -0.00*A*B*G  +0.00*A*D*G  +0.00*B*D*G  +0.00*A*E*G  +0.00*B*E*G  +0.00*D*E*G  -0.00*A*F*G  -0.00*B*F*G  +0.00*D*F*G  +0.00*E*F*G  +0.00*A*B*J  -0.00*B*D*J  +0.00*A*E*J  +0.00*B*E*J  +0.00*D*E*J  +0.00*B*F*J  -0.00*D*F*J  -0.00*E*F*J  +0.00*A*G*J  +0.00*B*G*J  -0.00*D*G*J  +0.00*E*G*J  +0.00*F*G*J  -0.00*A*B*K  +0.00*A*D*K  +0.00*B*D*K  -0.00*A*E*K  +0.00*D*E*K  +0.00*A*F*K  +0.00*B*F*K  +0.00*D*F*K  -0.00*E*F*K  +0.00*A*J*K  +0.00*B*J*K  -0.00*D*J*K  -0.00*E*J*K  -0.00*F*J*K  +0.00*A*B*D*E  -0.00*A*B*D*F  -0.00*A*B*E*F  +0.00*A*D*E*F  +0.00*B*D*E*F  -0.00*A*B*D*G  -0.00*A*B*E*G  +0.00*A*D*E*G  +0.00*B*D*E*G  +0.00*A*B*F*G  -0.00*A*D*F*G  -0.00*B*D*F*G  -0.00*A*E*F*G  -0.00*B*E*F*G  +0.00*D*E*F*G  -0.00*A*B*E*J  -0.00*B*D*E*J  +0.00*B*D*F*J  +0.00*B*E*F*J  -0.00*D*E*F*J  -0.00*A*B*G*J  +0.00*B*D*G*J  -0.00*A*E*G*J  -0.00*B*E*G*J  -0.00*D*E*G*J  -0.00*B*F*G*J  +0.00*D*F*G*J  +0.00*E*F*G*J  -0.00*A*B*D*K  -0.00*A*D*E*K  -0.00*A*B*F*K  -0.00*A*D*F*K  -0.00*B*D*F*K  +0.00*A*E*F*K  -0.00*D*E*F*K  -0.00*A*B*J*K  +0.00*B*D*J*K  +0.00*A*E*J*K  +0.00*D*E*J*K  +0.00*B*F*J*K  +0.00*D*F*J*K  -0.00*E*F*J*K  -0.00*A*B*D*E*F  -0.00*A*B*D*E*G  +0.00*A*B*D*F*G  +0.00*A*B*E*F*G  -0.00*A*D*E*F*G  -0.00*B*D*E*F*G  +0.00*B*D*E*F*J  +0.00*A*B*E*G*J  +0.00*B*D*E*G*J  -0.00*B*D*F*G*J  -0.00*B*E*F*G*J  +0.00*D*E*F*G*J  +0.00*A*B*D*F*K  +0.00*A*D*E*F*K  -0.00*B*D*F*J*K  -0.00*D*E*F*J*K  +0.00*A*B*D*E*F*G  -0.00*B*D*E*F*G*J "
"Private memory size","0.54 -0.50*A  -0.71*B  +0.63*D  +0.61*E  -0.05*F  +0.31*G  +0.66*J  +0.56*K  -0.07*(A**2)  +0.19*(B**2)  +0.53*(D**2)  +0.57*(E**2)  +0.00*(F**2)  +0.34*A*B  +0.46*A*D  -0.48*B*D  -0.27*A*E  +0.28*B*E  +1.59*D*E  -0.04*A*F  +0.00*B*F  -0.16*D*F  -0.15*E*F  -0.27*A*G  -0.09*B*G  -0.62*D*G  -0.83*E*G  -0.06*F*G  -0.23*A*J  -0.53*B*J  +0.47*D*J  +0.31*E*J  -0.06*F*J  +0.26*G*J  -0.39*A*K  -0.21*B*K  +0.36*D*K  +0.41*E*K  +0.04*F*K  +0.55*J*K  -0.38*A*B*D  -0.40*A*B*E  +0.25*A*D*E  +0.29*B*D*E  +0.00*A*B*F  +0.03*A*D*F  +0.06*B*D*F  -0.01*A*E*F  +0.08*B*E*F  -0.24*D*E*F  +0.10*A*B*G  +0.24*A*D*G  -0.11*B*D*G  +0.24*A*E*G  +0.03*B*E*G  -0.19*D*E*G  -0.03*A*F*G  +0.02*B*F*G  -0.13*D*F*G  -0.23*E*F*G  +0.19*A*B*J  -0.36*B*D*J  -0.13*A*E*J  +0.50*B*E*J  +0.20*D*E*J  -0.00*B*F*J  -0.07*D*F*J  -0.11*E*F*J  -0.11*A*G*J  -0.15*B*G*J  +0.10*D*G*J  -0.16*E*G*J  -0.06*F*G*J  +0.15*A*B*K  +0.45*A*D*K  -0.18*B*D*K  -0.29*A*E*K  +0.18*D*E*K  -0.02*A*F*K  -0.02*B*F*K  -0.08*D*F*K  +0.03*E*F*K  -0.20*A*J*K  -0.20*B*J*K  +0.39*D*J*K  +0.42*E*J*K  +0.00*F*J*K  +0.02*A*B*D*E  -0.03*A*B*D*F  -0.05*A*B*E*F  +0.03*A*D*E*F  +0.03*B*D*E*F  +0.05*A*B*D*G  +0.03*A*B*E*G  -0.10*A*D*E*G  -0.12*B*D*E*G  -0.01*A*B*F*G  +0.00*A*D*F*G  -0.01*B*D*F*G  +0.04*A*E*F*G  +0.01*B*E*F*G  -0.21*D*E*F*G  -0.12*A*B*E*J  +0.36*B*D*E*J  +0.00*B*D*F*J  +0.00*B*E*F*J  -0.12*D*E*F*J  +0.03*A*B*G*J  -0.09*B*D*G*J  +0.07*A*E*G*J  +0.06*B*E*G*J  -0.05*D*E*G*J  -0.00*B*F*G*J  -0.06*D*F*G*J  -0.12*E*F*G*J  -0.07*A*B*D*K  +0.41*A*D*E*K  +0.01*A*B*F*K  +0.05*A*D*F*K  +0.01*B*D*F*K  -0.02*A*E*F*K  -0.07*D*E*F*K  +0.06*A*B*J*K  -0.16*B*D*J*K  -0.17*A*E*J*K  +0.26*D*E*J*K  -0.00*B*F*J*K  -0.01*D*F*J*K  +0.00*E*F*J*K  -0.01*A*B*D*E*F  +0.12*A*B*D*E*G  +0.01*A*B*D*F*G  -0.00*A*B*E*F*G  +0.01*A*D*E*F*G  +0.00*B*D*E*F*G  -0.00*B*D*E*F*J  -0.05*A*B*E*G*J  -0.03*B*D*E*G*J  -0.01*B*D*F*G*J  -0.00*B*E*F*G*J  -0.11*D*E*F*G*J  -0.01*A*B*D*F*K  +0.04*A*D*E*F*K  +0.00*B*D*F*J*K  -0.01*D*E*F*J*K  +0.00*A*B*D*E*F*G  -0.00*B*D*E*F*G*J "
"Constant memory size","0 +0.00*A  +0.00*B  +0.00*D  +0.00*E  -0.00*F  +0.00*G  -0.00*J  +0.00*K  -0.00*(A**2)  +0.00*(B**2)  -0.00*(D**2)  -0.00*(E**2)  +0.00*(F**2)  -0.00*A*B  -0.00*A*D  -0.00*B*D  +0.00*A*E  +0.00*B*E  +0.00*D*E  +0.00*A*F  -0.00*B*F  +0.00*D*F  -0.00*E*F  +0.00*A*G  -0.00*B*G  -0.00*D*G  +0.00*E*G  -0.00*F*G  +0.00*A*J  +0.00*B*J  +0.00*D*J  +0.00*E*J  -0.00*F*J  -0.00*G*J  -0.00*A*K  +0.00*B*K  +0.00*D*K  -0.00*E*K  -0.00*F*K  +0.00*J*K  -0.00*A*B*D  -0.00*A*B*E  -0.00*A*D*E  +0.00*B*D*E  -0.00*A*B*F  +0.00*A*D*F  +0.00*B*D*F  +0.00*A*E*F  -0.00*B*E*F  -0.00*D*E*F  +0.00*A*B*G  -0.00*A*D*G  +0.00*B*D*G  -0.00*A*E*G  +0.00*B*E*G  +0.00*D*E*G  -0.00*A*F*G  +0.00*B*F*G  -0.00*D*F*G  -0.00*E*F*G  -0.00*A*B*J  +0.00*B*D*J  -0.00*A*E*J  +0.00*B*E*J  +0.00*D*E*J  +0.00*B*F*J  -0.00*D*F*J  -0.00*E*F*J  -0.00*A*G*J  +0.00*B*G*J  +0.00*D*G*J  -0.00*E*G*J  +0.00*F*G*J  -0.00*A*B*K  -0.00*A*D*K  -0.00*B*D*K  -0.00*A*E*K  -0.00*D*E*K  -0.00*A*F*K  -0.00*B*F*K  +0.00*D*F*K  +0.00*E*F*K  -0.00*A*J*K  -0.00*B*J*K  +0.00*D*J*K  -0.00*E*J*K  +0.00*F*J*K  -0.00*A*B*D*E  +0.00*A*B*D*F  +0.00*A*B*E*F  -0.00*A*D*E*F  +0.00*B*D*E*F  +0.00*A*B*D*G  -0.00*A*B*E*G  -0.00*A*D*E*G  -0.00*B*D*E*G  +0.00*A*B*F*G  -0.00*A*D*F*G  -0.00*B*D*F*G  +0.00*A*E*F*G  -0.00*B*E*F*G  -0.00*D*E*F*G  +0.00*A*B*E*J  +0.00*B*D*E*J  +0.00*B*D*F*J  +0.00*B*E*F*J  +0.00*D*E*F*J  +0.00*A*B*G*J  +0.00*B*D*G*J  -0.00*A*E*G*J  +0.00*B*E*G*J  +0.00*D*E*G*J  +0.00*B*F*G*J  +0.00*D*F*G*J  -0.00*E*F*G*J  +0.00*A*B*D*K  +0.00*A*D*E*K  +0.00*A*B*F*K  +0.00*A*D*F*K  +0.00*B*D*F*K  -0.00*A*E*F*K  +0.00*D*E*F*K  -0.00*A*B*J*K  +0.00*B*D*J*K  +0.00*A*E*J*K  -0.00*D*E*J*K  +0.00*B*F*J*K  -0.00*D*F*J*K  -0.00*E*F*J*K  -0.00*A*B*D*E*F  -0.00*A*B*D*E*G  -0.00*A*B*D*F*G  +0.00*A*B*E*F*G  +0.00*A*D*E*F*G  +0.00*B*D*E*F*G  +0.00*B*D*E*F*J  +0.00*A*B*E*G*J  -0.00*B*D*E*G*J  +0.00*B*D*F*G*J  +0.00*B*E*F*G*J  +0.00*D*E*F*G*J  +0.00*A*B*D*F*K  +0.00*A*D*E*F*K  -0.00*B*D*F*J*K  +0.00*D*E*F*J*K  +0.00*A*B*D*E*F*G  +0.00*B*D*E*F*G*J "
"Registers count","36.53 -1.90*A  -2.69*B  +5.07*D  +4.13*E  -0.05*F  -0.86*G  +5.16*J  +5.04*K  +0.73*(A**2)  +0.82*(B**2)  +3.92*(D**2)  +4.36*(E**2)  +0.08*(F**2)  +2.88*A*B  -1.38*A*D  -6.56*B*D  -4.49*A*E  -1.50*B*E  +11.81*D*E  -0.24*A*F  -0.33*B*F  -0.29*D*F  -0.33*E*F  +0.28*A*G  -0.02*B*G  -1.41*D*G  -3.06*E*G  -0.40*F*G  -1.68*A*J  -3.27*B*J  +3.83*D*J  +4.22*E*J  -0.13*F*J  +0.18*G*J  -1.91*A*K  -1.93*B*K  +4.22*D*K  +3.86*E*K  +0.66*F*K  +4.19*J*K  -1.53*A*B*D  -2.19*A*B*E  +1.40*A*D*E  +1.10*B*D*E  +0.27*A*B*F  -0.11*A*D*F  -0.33*B*D*F  -0.21*A*E*F  -0.39*B*E*F  -0.39*D*E*F  +0.52*A*B*G  +0.31*A*D*G  -0.04*B*D*G  +0.94*A*E*G  +0.75*B*E*G  -2.56*D*E*G  -0.01*A*F*G  +0.25*B*F*G  -0.53*D*F*G  -0.79*E*F*G  +1.42*A*B*J  -3.29*B*D*J  -1.67*A*E*J  +1.55*B*E*J  +3.61*D*E*J  +0.03*B*F*J  -0.18*D*F*J  -0.35*E*F*J  -0.29*A*G*J  -0.42*B*G*J  +0.32*D*G*J  -0.47*E*G*J  -0.23*F*G*J  +0.95*A*B*K  +2.28*A*D*K  -1.76*B*D*K  -1.23*A*E*K  +3.23*D*E*K  -0.39*A*F*K  +0.06*B*F*K  +0.47*D*F*K  +0.34*E*F*K  -1.98*A*J*K  -1.52*B*J*K  +4.10*D*J*K  +2.70*E*J*K  +0.07*F*J*K  -1.15*A*B*D*E  +0.29*A*B*D*F  +0.36*A*B*E*F  -0.22*A*D*E*F  -0.24*B*D*E*F  +0.59*A*B*D*G  +0.36*A*B*E*G  +0.81*A*D*E*G  +0.55*B*D*E*G  -0.07*A*B*F*G  +0.03*A*D*F*G  +0.33*B*D*F*G  +0.07*A*E*F*G  +0.34*B*E*F*G  -0.77*D*E*F*G  -0.54*A*B*E*J  +2.14*B*D*E*J  +0.02*B*D*F*J  +0.08*B*E*F*J  -0.31*D*E*F*J  +0.15*A*B*G*J  -0.54*B*D*G*J  +0.15*A*E*G*J  -0.23*B*E*G*J  -0.47*D*E*G*J  +0.09*B*F*G*J  -0.20*D*F*G*J  -0.40*E*F*G*J  +0.13*A*B*D*K  +2.22*A*D*E*K  -0.03*A*B*F*K  -0.28*A*D*F*K  -0.02*B*D*F*K  -0.20*A*E*F*K  +0.62*D*E*F*K  +0.65*A*B*J*K  -1.46*B*D*J*K  -1.50*A*E*J*K  +2.79*D*E*J*K  +0.01*B*F*J*K  +0.05*D*F*J*K  +0.03*E*F*J*K  +0.28*A*B*D*E*F  +0.41*A*B*D*E*G  -0.11*A*B*D*F*G  -0.08*A*B*E*F*G  +0.00*A*D*E*F*G  +0.37*B*D*E*F*G  +0.08*B*D*E*F*J  -0.02*A*B*E*G*J  -0.10*B*D*E*G*J  +0.09*B*D*F*G*J  +0.15*B*E*F*G*J  -0.34*D*E*F*G*J  +0.01*A*B*D*F*K  -0.37*A*D*E*F*K  -0.00*B*D*F*J*K  +0.06*D*E*F*J*K  -0.09*A*B*D*E*F*G  +0.14*B*D*E*F*G*J "
