HW,Runs,Method,Overhead,Extra runtime (%) [Kristian],Extra runtime (%) [Jarda],"Diff (K - J), pp",Average extra runtime [Kristian],Extra runtime deviation [Kristian],Average GT TS [Kristian],GT TS deviation [Kristian],Average estimated TS [Kristian],Estimated TS deviation [Kristian],Average miss (tuning steps) [Kristian],Average extra runtime [Jarda],Extra runtime deviation [Jarda],Average GT TS [Jarda],GT TS deviation [Jarda],Average estimated TS [Jarda],Estimated TS deviation [Jarda],Average miss (tuning steps) [Jarda]
OK 1070,10000,0,100,6.71108668413225,6.76184620451366,-0.0507595203814092,0.0671108668413225,0.0931436487260419,176.419,149.719034992215,136.274,76.3386463332957,105.527,0.0676184620451366,0.0901471287393809,170.325,146.302766122176,141.537,78.6267297488583,103.864
OK 1070,10000,0,1000,7.59988866589114,7.67342246575571,-0.0735337998645704,0.0759988866589114,0.0977758380376093,131.755,106.210333654499,108.963,54.0286001206768,73.506,0.0767342246575571,0.0964528633739692,128.381,108.177751127485,111.273,55.5143807585026,77.928
OK 1070,10000,0,10000,9.32685208111408,9.12051491239135,0.20633716872273,0.0932685208111408,0.0939210964267424,51.859,40.7387667830041,48.106,14.56910306093,31.401,0.0912051491239135,0.0904968013594195,49.236,39.579341884372,47.323,14.5807637317117,30.759
1070,10000,0,100000,14.902479056364,14.8806805776312,0.0217984787328013,0.14902479056364,0.0876337622883724,9.543,7.96731767911886,16.884,0.408098027439491,10.351,0.148806805776312,0.081292871439182,9.184,7.33063053222572,16.898,0.411820349181533,10.298
1070,10000,0,1000000,127.332488793877,130.283840609202,-2.95135181532515,1.27332488793877,0.462118976803081,2.705,1.75327550601724,16.883,0.409036673172486,15.178,1.30283840609202,0.490323978293279,2.623,1.80412610423994,16.866,0.442768562569657,15.243
OK1070,10000,0.5,100,7.84113884666547,7.8911792390569,-0.0500403923914296,0.0784113884666547,0.0825897632412645,176.419,149.719034992215,160.204,76.1189357781623,126.947,0.078911792390569,0.082774674639234,173.057,139.431709990949,157.879,59.3482464694619,119.83
OK1070,10000,0.5,1000,8.93047398809214,9.23064648524183,-0.300172497149688,0.0893047398809214,0.0867673970058638,131.755,106.210333654499,122.257,49.5627778781617,88.716,0.0923064648524183,0.0906795202296179,133.907,110.111890143617,117.721,39.0217011289872,88.702
1070,10000,0.5,10000,11.5831417424953,11.1306583702801,0.452483372215239,0.115831417424953,0.105110781647283,51.859,40.7387667830041,40.636,9.72838650547972,33.279,0.111306583702801,0.102621777804919,49.236,39.579341884372,40.539,10.4020420591344,31.895
1070,10000,0.5,100000,14.9495948622339,15.0998431876659,-0.150248325432031,0.149495948622339,0.0766296727264914,9.543,7.96731767911886,17.005,2.3411482225609,10.512,0.150998431876659,0.0776335214707672,9.608,7.61172358930617,17.129,1.86181604891568,10.295
1070,10000,0.5,1000000,121.585265892561,126.46620151243,-4.88093561986868,1.21585265892561,0.432310929940194,2.705,1.75327550601724,16.272,0.469058631729494,14.567,1.2646620151243,0.454848970638065,2.763,1.8129619411339,16.578,0.527177389499967,14.815
OK1070,10000,1,100,31.2224401722637,30.7463683108853,0.476071861378458,0.312224401722637,0.226457898704542,176.419,149.719034992215,29.072,30.9717745051846,153.829,0.307463683108853,0.208715853330203,180.14,144.560756777211,26.261,25.5754350696132,157.787
OK1070,10000,1,1000,28.759448292532,28.1753942130519,0.584054079480151,0.28759448292532,0.217190479685463,131.755,106.210333654499,26.463,23.2485404057975,110.884,0.281753942130519,0.201617900940349,140.246,113.886037265329,24.045,18.0989771810453,120.271
1070,10000,1,10000,18.2104146750814,17.1315764943743,1.07883818070708,0.182104146750814,0.172813962287861,51.859,40.7387667830041,20.629,8.80496218049799,37.818,0.171315764943743,0.168208443625705,48.121,40.2419229038574,19.889,7.79273244760784,35.084
1070,10000,1,100000,14.9495948622339,15.45719302638,-0.507598164146042,0.149495948622339,0.0766296727264914,9.543,7.96731767911886,17.005,2.3411482225609,10.512,0.1545719302638,0.0766868452607441,9.076,7.69117832324801,17.12,1.8962067397834,10.726
1070,10000,1,1000000,121.585265892561,127.310502067934,-5.72523617537324,1.21585265892561,0.432310929940194,2.705,1.75327550601724,16.272,0.469058631729494,14.567,1.27310502067934,0.466600004532167,2.623,1.80412610423994,16.572,0.535552051625236,14.949
1070,1000000,0,100000,6.70587600300892,6.86262696890165,-0.15675096589273,0.0670587600300892,0.094590236066697,214.169,179.77315272031,167.136,106.768035965826,140.703,0.0686262696890165,0.0899906527677079,211.279,166.726384111814,168.754,104.89079789953,134.729
1070,1000000,0,1000000,9.44872952796595,9.43659924506022,0.0121302829057299,0.0944872952796595,0.0968055768944617,56.638,43.8240454088848,50.68,16.5976986356543,33.518,0.0943659924506022,0.0957116901793264,53.431,45.2549581703486,51.379,16.9937447020955,35.212
1070,1000000,0.5,100000,6.99825636097634,6.84497143146305,0.153284929513291,0.0699825636097634,0.0747912627187865,214.169,179.77315272031,210.462,108.861419042744,162.485,0.0684497143146305,0.0757526949180495,211.072,172.056063002732,201.903,92.0634867414872,151.641
1070,1000000,0.5,1000000,11.4797243355513,10.7512863405675,0.72843799498377,0.114797243355513,0.104170519211821,56.638,43.8240454088848,45.157,11.6168132893664,35.619,0.107512863405675,0.0976112770321339,56.514,45.1504131099595,44.677,9.87495169608439,36.091
1070,1000000,1,100000,33.0074879937806,32.9021530469465,0.105334946834041,0.330074879937806,0.231458605709905,214.169,179.77315272031,30.563,35.5929772708044,190.364,0.329021530469465,0.226960477549718,211.072,172.056063002732,26.251,21.6677179001389,187.777
1070,1000000,1,1000000,19.1824396421389,17.633302389647,1.54913725249188,0.191824396421389,0.178029601958548,56.638,43.8240454088848,20.955,9.42151659766091,41.981,0.17633302389647,0.168681985636258,53.888,45.0352468184643,20.299,8.15153967051624,39.959
OK1070,10000000,0,100,3.68514392141211,3.54697614390914,0.138167777502971,0.0368514392141211,0.0788976864794388,918.304,577.117032831297,1161.169,889.41540375631,877.651,0.0354697614390914,0.0785089583578082,974.136,572.601424643705,1221.165,883.329879362744,848.695
OK1070,10000000,0,1000,4.20457629602066,3.66437288876329,0.54020340725737,0.0420457629602066,0.0837396966990867,918.304,577.117032831297,1078.69,891.504777272674,867.294,0.0366437288876329,0.079079188731272,974.136,572.601424643705,1200.138,885.563956445835,850.214
1070,10000000,0,10000,4.39700264600623,4.15633575313538,0.24066689287085,0.0439700264600623,0.0827981560237671,913.132,576.038160694237,1026.712,884.692719002479,854.656,0.0415633575313538,0.0810392964065364,977.454,576.198762480448,1089.6,887.637816905071,863.47
1070,10000000,0,1000000,6.87664359555055,7.07034789829037,-0.19370430273982,0.0687664359555055,0.0967635751761406,214.794,180.711121860277,162.971,105.193270502442,141.107,0.0707034789829037,0.0970100770923119,205.315,166.422065168655,170.136,107.357223809113,131.183
OK1070,10000000,0.5,100,1.21249226226772,0.98934820378506,0.22314405848266,0.0121249226226772,0.0268155939886932,918.304,577.117032831297,1418.864,598.829350903912,813.418,0.0098934820378506,0.0210396447303963,974.136,572.601424643705,1427.637,588.720520477247,748.075
OK1070,10000000,0.5,1000,1.2324192081796,1.04179702241312,0.19062218576648,0.012324192081796,0.0267410395169809,918.304,577.117032831297,1415.862,598.494969866915,813.194,0.0104179702241312,0.0215578109114557,974.136,572.601424643705,1410.011,588.901017896047,738.471
1070,10000000,0.5,10000,1.38597988044919,1.28600219916062,0.0999776812885702,0.0138597988044919,0.0265474888068592,913.132,576.038160694237,1387.609,600.908755235768,799.365,0.0128600219916062,0.023344579867841,988.988,573.920480429127,1383.993,591.935382411797,744.279
1070,10000000,0.5,1000000,7.00527393190815,7.61035931543071,-0.605085383522561,0.0700527393190815,0.0747941371420232,214.794,180.711121860277,211.635,109.556970453732,163.501,0.0761035931543071,0.0839184837506353,205.315,166.422065168655,202.831,92.8641719879093,151.858
OK1070,10000000,1,100,41.8085771060283,39.4203995115465,2.38817759448174,0.418085771060283,0.263775936168072,918.304,577.117032831297,61.435,212.764869691874,872.787,0.394203995115465,0.2540333384169,986.008,591.362359248541,80.654,271.094360479889,952.484
OK1070,10000000,1,1000,41.7842978361963,39.4280216314428,2.35627620475351,0.417842978361963,0.26371987145029,918.304,577.117032831297,61.28,212.373641490652,872.942,0.394280216314428,0.253584287262698,986.008,591.362359248541,75.938,255.60195647921,949.148
1070,10000000,1,10000,41.6394305494001,38.6686706192754,2.97075993012473,0.416394305494001,0.262425962234428,913.132,576.038160694237,57.067,195.175506944391,869.225,0.386686706192754,0.251875434008061,971.158,584.504799840001,67.938,212.513228190624,926.6
1070,10000000,1,1000000,33.0700354420735,31.5606470888971,1.50938835317638,0.330700354420735,0.231614577073437,214.794,180.711121860277,30.616,35.7440420769672,190.976,0.315606470888971,0.217395373862928,204.078,170.627998628596,26.774,24.8379331668317,181.824
OK2080,10000,0,100,14.1322906869615,13.9603613019839,0.171929384977609,0.141322906869615,0.117181310825134,244.102,204.931246021684,49.135,33.1447548640807,202.623,0.139603613019839,0.115853104968468,238.26,196.097002526811,49.044,32.8183190306877,196.108
OK2080,10000,0,1000,13.785644367402,14.0160529730383,-0.230408605636251,0.13785644367402,0.115580590435636,215.532,182.532958602002,46.159,29.2647863310157,177.019,0.140160529730383,0.121963750075564,214.488,170.369991066502,45.388,28.1306853098178,175.618
2080,10000,0,10000,11.7734539646053,11.235601934545,0.537852030060339,0.117734539646053,0.10702469041944,106.678,87.2100815043766,33.299,14.1233706670894,81.047,0.11235601934545,0.112395935368824,104.326,87.2411813537621,34.15,14.3480137998261,78.464
2080,10000,0,100000,8.04828029067169,8.08812072053439,-0.0398404298627017,0.0804828029067169,0.0896196272904817,22.69,20.173395847006,16.767,0.494682726603677,14.907,0.0808812072053439,0.0918756976514967,21.582,18.628131307246,16.766,0.50719227123449,14.222
2080,10000,0,1000000,27.5266214829731,27.4838988008497,0.0427226821234185,0.275266214829731,0.132323323785667,5.593,4.21940173484346,16.767,0.494682726603677,12.224,0.274838988008497,0.126515214776948,5.463,4.15699783497658,16.784,0.511218153042319,12.415
OK2080,10000,0.5,100,6.35758329890807,6.29350426329906,0.0640790356090104,0.0635758329890807,0.0592977553026112,244.102,204.931246021684,159.352,78.6366205784557,172.83,0.0629350426329906,0.0614382464836718,230.464,192.164025519867,150.168,59.4757578850409,154.33
OK2080,10000,0.5,1000,6.90323233032165,6.99392426317248,-0.0906919328508291,0.0690323233032165,0.0644281711704209,215.532,182.532958602002,131.188,68.8679218214111,151.762,0.0699392426317248,0.0661893982511275,210.147,168.113120817502,119.348,48.9757990848541,142.007
2080,10000,0.5,10000,9.84652493529793,9.52171017084165,0.32481476445628,0.0984652493529793,0.0863540512804764,106.678,87.2100815043766,48.043,28.1560144729328,78.647,0.0952171017084165,0.0875862974849347,109.45,90.8890064859332,45.293,22.8049808375276,80.291
2080,10000,0.5,100000,8.15604465873734,8.34959181773158,-0.193547158994241,0.0815604465873734,0.0855836653392647,22.69,20.173395847006,18.941,5.6971500770122,15.491,0.0834959181773158,0.0941337953614611,22.935,19.0343577511825,18.739,5.07886591671802,14.706
2080,10000,0.5,1000000,26.6936011078914,27.4645324856871,-0.770931377795719,0.266936011078914,0.116982278803945,5.593,4.21940173484346,16.424,0.993088112908426,11.877,0.274645324856871,0.113422111537774,5.526,4.03501226763934,16.77,0.941859862187576,12.32
2080,10000,1,100,20.1995660155541,20.6597651276894,-0.460199112135303,0.201995660155541,0.142475586059653,244.102,204.931246021684,29.856,29.4149156721552,218.422,0.206597651276894,0.142967013671609,250.305,197.248771795923,26.254,23.3922526491144,226.147
2080,10000,1,1000,19.5353565882428,19.8762595782319,-0.34090298998915,0.195353565882428,0.141430013762588,215.532,182.532958602002,28.741,26.6751554634645,190.929,0.198762595782319,0.143174532245419,223.862,176.503657061263,24.824,19.867989933559,201.336
2080,10000,1,10000,15.6509905441607,15.8256687549884,-0.17467821082775,0.156509905441607,0.13217192222014,106.678,87.2100815043766,24.162,15.0035247858628,87.14,0.158256687549884,0.138147627090143,106.02,85.1721996898049,22.315,11.5676175161526,87.579
2080,10000,1,100000,8.15604465873734,8.47594011906325,-0.31989546032591,0.0815604465873734,0.0855836653392647,22.69,20.173395847006,18.941,5.6971500770122,15.491,0.0847594011906325,0.088790291407738,22.426,19.3110466831811,18.382,4.19715093843431,14.924
2080,10000,1,1000000,26.6936011078914,27.747299479721,-1.05369837182961,0.266936011078914,0.116982278803945,5.593,4.21940173484346,16.424,0.993088112908426,11.877,0.27747299479721,0.117355861845801,5.427,4.16973272524751,16.723,0.823572097633231,12.356
2080,1000000,0,100000,17.4441429135995,17.2254658887305,0.218677024868999,0.174441429135995,0.126337757052445,531.261,434.042641774976,72.286,77.1825641191066,467.827,0.172254658887305,0.132842097494759,573.457,440.123196560918,74.851,79.8710009890949,506.52
2080,1000000,0,1000000,12.6291803448029,13.0284446897211,-0.399264344918288,0.126291803448029,0.111132234848658,142.003,116.622823628139,37.967,19.3859204321074,111.726,0.130284446897211,0.116635560809249,144.83,117.636087575199,37.094,19.0467625595533,113.654
2080,1000000,0.5,100000,7.31204240416865,7.67862466889935,-0.3665822647307,0.0731204240416865,0.0679294617604624,531.261,434.042641774976,302.134,285.679481314287,427.903,0.0767862466889935,0.0696690155555235,536.497,431.65050908229,267.006,243.037824142663,414.115
2080,1000000,0.5,1000000,10.6495370564571,10.9309865113596,-0.28144945490255,0.106495370564571,0.0913969510529087,142.003,116.622823628139,55.411,36.212208977084,107.66,0.109309865113596,0.0910628402199995,149.08,115.99176522495,51.538,28.0000099285697,112.88
2080,1000000,1,100000,24.9052007606504,25.2149182771171,-0.309717516466719,0.249052007606504,0.151258306900102,531.261,434.042641774976,36.48,52.1130655402271,498.591,0.252149182771171,0.150166530544637,567.939,446.880450768435,31.374,51.8931028557746,540.687
2080,1000000,1,1000000,17.3639494391675,17.9651628255761,-0.601213386408531,0.173639494391675,0.137633227271299,142.003,116.622823628139,25.562,18.3972322918422,120.447,0.179651628255761,0.151888791348423,145.332,117.473545004822,23.564,15.5235274341884,125.154
2080,10000000,0,100,18.1864973984004,18.0576771653632,0.128820233037253,0.181864973984004,0.138955760628069,908.547,573.278183599376,142.294,314.841025859083,818.553,0.180576771653632,0.136946308603018,1001.099,580.697717576882,143.186,318.899541241439,922.733
2080,10000000,0,1000,17.9917277830801,17.9986369619704,-0.0069091788902184,0.179917277830801,0.139092236422361,908.547,573.278183599376,145.627,318.031353597409,815.222,0.179986369619704,0.138151063693654,989.174,582.830096789793,147.132,326.364818226475,906.958
2080,10000000,0,10000,18.3594686375879,17.2786402648555,1.0808283727324,0.183594686375879,0.138934941982831,908.547,573.278183599376,140.173,310.582489962007,819.184,0.172786402648555,0.134442213884031,1006.677,574.749944472377,151.005,321.441666519759,907.944
2080,10000000,0,1000000,17.3130642853661,17.819911998454,-0.506847713087854,0.173130642853661,0.126794335778069,535.474,434.652292440751,75.562,82.3562514688472,469.314,0.17819911998454,0.133790013503853,563.708,453.226482827295,79.841,85.5786288684272,499.067
2080,10000000,0.5,100,1.33116307620332,1.16550536388451,0.16565771231881,0.0133116307620332,0.028940463736643,908.547,573.278183599376,1320.832,596.734875615629,743.775,0.0116550536388451,0.0249853523786024,990.217,583.296631150052,1364.013,578.78032692119,739.534
2080,10000000,0.5,1000,1.33784505355048,1.25301384379329,0.0848312097571899,0.0133784505355048,0.0289483030859791,908.547,573.278183599376,1319.029,596.284791151846,744.284,0.0125301384379329,0.0268944072565485,1010.056,577.00814107255,1372.834,588.076724963673,761.572
2080,10000000,0.5,10000,1.40971251877523,1.51999325387443,-0.1102807350992,0.0140971251877523,0.0291561628121681,908.547,573.278183599376,1295.705,598.682303041438,737.462,0.0151999325387443,0.0297157744475303,978.524,572.675701792908,1349.68,604.061226698089,768.266
2080,10000000,0.5,1000000,7.2608157297638,8.00206600231668,-0.741250272552879,0.072608157297638,0.0674674704183882,535.474,434.652292440751,308.951,295.862752976781,433.609,0.0800206600231668,0.0666693159370862,588.276,436.089314044726,257.08,237.605554648876,448.474
2080,10000000,1,100,27.7843646933404,26.8692519788661,0.91511271447435,0.277843646933404,0.158587160811515,908.547,573.278183599376,47.841,140.040971572608,868.072,0.268692519788661,0.16222916910231,977.059,581.634503377336,64.377,194.397064975272,937.726
2080,10000000,1,1000,27.780458808238,27.8177197311958,-0.0372609229578877,0.27780458808238,0.158579431391849,908.547,573.278183599376,47.841,140.040971572608,868.072,0.278177197311958,0.161927519889713,982.466,587.163035999372,60.403,183.442412192492,946.215
2080,10000000,1,10000,27.7562965608317,27.3965675250682,0.35972903576349,0.277562965608317,0.158322147122487,908.547,573.278183599376,47.739,139.939111327034,868.16,0.273965675250682,0.156551382446849,1005.956,569.171982852284,60.665,182.05377989759,964.499
2080,10000000,1,1000000,25.0068843623402,25.6901083643589,-0.683224002018701,0.250068843623402,0.151371028347539,535.474,434.652292440751,36.592,52.7256060752269,501.914,0.256901083643589,0.151110733528125,563.411,432.627068130278,34.009,59.1480085801712,532.428
750,10000,0,100,16.5870135315008,15.0572628043509,1.52975072714991,0.165870135315008,0.146110692083657,170.248,140.603778384509,40.432,23.4610182217226,136.758,0.150572628043509,0.130227173927274,166.541,135.311804063799,39.708,22.8591936865673,132.361
750,10000,0,1000,16.409662873263,14.8258479830263,1.58381489023669,0.16409662873263,0.14662208171822,157.194,130.432466679121,38.823,21.2476744845171,124.973,0.148258479830263,0.129670394344026,155.156,125.207738035634,38.431,21.0645493424379,122.077
750,10000,0,10000,14.7060018106515,14.0030972091761,0.702904601475431,0.147060018106515,0.138764927586983,97.238,77.8875558481584,30.513,11.7080242141875,72.949,0.140030972091761,0.137418458480505,97.595,81.5703805005224,30.56,11.8464509453254,74.799
750,10000,0,100000,11.0406929110476,10.6169346432311,0.423758267816529,0.110406929110476,0.12625544934787,25.931,22.2477917780619,16.756,0.498461633428309,16.989,0.106169346432311,0.11624558464234,25.263,21.1058245752209,16.783,0.507849387121812,16.17
750,10000,0,1000000,25.3129160591121,25.920517450314,-0.607601391201861,0.253129160591121,0.125399387770597,6.282,4.86482024333891,16.756,0.498461633428309,11.73,0.25920517450314,0.129117902988862,6.164,4.7464833297927,16.769,0.487482307371252,11.805
750,10000,0.5,100,5.44523530434383,5.50551890937745,-0.0602836050336206,0.0544523530434383,0.0532298773312294,170.248,140.603778384509,154.587,65.4418553450313,119.757,0.0550551890937745,0.0511901783139308,166.541,135.311804063799,157.368,57.7326127591676,113.221
750,10000,0.5,1000,6.62371216048576,6.21315442862678,0.41055773185898,0.0662371216048576,0.0639681103610306,157.194,130.432466679121,128.938,60.6052320843671,110.67,0.0621315442862678,0.0590409872096609,155.156,125.207738035634,125.367,54.1248400551909,103.241
750,10000,0.5,10000,10.6912422030839,10.0271531098202,0.664089093263691,0.106912422030839,0.101768888878037,97.238,77.8875558481584,48.603,26.593295978498,69.143,0.100271531098202,0.0981307649450592,97.595,81.5703805005224,47.722,24.1420942753523,71.323
750,10000,0.5,100000,10.6773863619608,10.2763051872217,0.40108117473908,0.106773863619608,0.119554696967699,25.931,22.2477917780619,19.541,7.06217523147083,17.888,0.102763051872217,0.109263859389534,25.263,21.1058245752209,18.846,5.20214225103466,16.651
750,10000,0.5,1000000,24.6669429126605,25.8223113510024,-1.15536843834192,0.246669429126605,0.108682664227672,6.282,4.86482024333891,16.534,1.31409436495256,11.478,0.258223113510024,0.119577051817047,6.164,4.7464833297927,16.853,1.13110167535903,11.855
Ok750,10000,1,100,22.0420208647613,21.500750238583,0.541270626178246,0.220420208647613,0.17935203690124,170.248,140.603778384509,27.973,23.145674995558,147.331,0.21500750238583,0.163413361560108,166.957,133.309906424842,26.333,20.1227262318007,144.702
Ok750,10000,1,1000,21.6531455030549,21.064250089047,0.58889541400789,0.216531455030549,0.177804038353041,157.194,130.432466679121,27.55,22.3084176937765,134.696,0.21064250089047,0.162310789950971,157.786,126.335086986949,25.969,19.3973719611704,135.855
750,10000,1,10000,18.5763282814697,18.6214107098998,-0.0450824284300495,0.185763282814697,0.167624032300865,97.238,77.8875558481584,24.84,17.0625437728376,78.712,0.186214107098998,0.160470411194691,100.125,81.6941820143883,22.526,11.9470215535086,81.445
750,10000,1,100000,10.6773863619608,10.4593036856373,0.218082676323419,0.106773863619608,0.119554696967699,25.931,22.2477917780619,19.541,7.06217523147083,17.888,0.104593036856373,0.109442053242358,26.417,21.7372286872085,18.907,5.02437568260973,17.126
750,10000,1,1000000,24.6669429126605,25.2250860259215,-0.558143113261004,0.246669429126605,0.108682664227672,6.282,4.86482024333891,16.534,1.31409436495256,11.478,0.252250860259215,0.116384945963552,6.151,4.65061275532591,16.884,1.19102644806906,11.833
750,1000000,0,100000,20.341682974569,19.4247439269958,0.916939047573177,0.20341682974569,0.162552385068693,582.073,457.449253656622,67.451,75.1992127551878,521.944,0.194247439269958,0.155430533630919,621.312,480.865037880693,69.809,77.0027046213313,562.837
750,1000000,0,1000000,15.9431811152005,15.0781635300868,0.865017585113742,0.159431811152005,0.144607151811263,140.226,115.628694206931,36.745,18.8157374290778,109.909,0.150781635300868,0.136058286754226,136.096,112.465847189269,37.64,19.3219667735974,107.746
750,1000000,0.5,100000,6.68885167571414,6.62809847047588,0.0607532052382611,0.0668885167571414,0.0681831829550021,582.073,457.449253656622,334.716,325.889688919426,476.257,0.0662809847047588,0.0658135221912575,629.069,474.802822484239,305.544,269.420645207453,479.905
750,1000000,0.5,1000000,11.7360888218219,11.6200518697001,0.11603695212173,0.117360888218219,0.105944190314518,140.226,115.628694206931,57.847,37.9365732638044,103.091,0.116200518697001,0.105186887489864,136.096,112.465847189269,54.991,34.6298558905462,102.231
750,1000000,1,100000,28.3118199728624,28.4484602370967,-0.136640264234259,0.283118199728624,0.196284999804599,582.073,457.449253656622,37.58,60.9759099973096,549.179,0.284484602370967,0.180304177605499,629.095,479.331052587875,33.937,59.6029615958805,599.3
750,1000000,1,1000000,21.0118983382013,20.7825318516719,0.229366486529372,0.210118983382013,0.175436390064832,140.226,115.628694206931,26.629,20.7461167209673,118.771,0.207825318516719,0.161926801103128,141.468,119.077205946394,23.943,17.1999346219688,120.881
750,10000000,0,100,21.8349656487753,20.8262046175831,1.00876103119217,0.218349656487753,0.168075596501292,921.784,570.270870152071,134.011,316.453195400205,829.001,0.208262046175831,0.167572850410157,1015.362,571.540141158957,141.515,318.056787028669,921.323
750,10000000,0,1000,22.0224688441841,20.8391049543629,1.1833638898212,0.220224688441841,0.168279611535966,921.784,570.270870152071,130.186,310.964878087542,832.82,0.208391049543629,0.167535089071583,1015.362,571.540141158957,141.305,317.981546595082,921.533
750,10000000,0,10000,21.9814106315087,22.3035121353188,-0.322101503810121,0.219814106315087,0.168187202116446,921.784,570.270870152071,128.986,308.116409501344,834.018,0.223035121353188,0.1728728267924,984.675,576.883715643803,125.809,307.379554490861,908.38
750,10000000,0,1000000,20.5657780375751,19.1631479559558,1.40263008161935,0.205657780375751,0.163332925871521,600.025,471.191878511292,67.566,76.3121592146363,539.475,0.191631479559558,0.15257198397185,635.822,484.244223833388,70.636,80.0149580016137,574.578
750,10000000,0.5,100,1.34643580928078,1.37276775268846,-0.02633194340768,0.0134643580928078,0.0273431973482312,921.784,570.270870152071,1365.809,594.345874486397,777.799,0.0137276775268846,0.0262035159711241,1022.422,580.023442557281,1344.973,577.716203919364,704.899
750,10000000,0.5,1000,1.34787291195617,1.37457584591534,-0.02670293395917,0.0134787291195617,0.0273255018424038,921.784,570.270870152071,1365.715,594.290354771975,777.713,0.0137457584591534,0.0261830407467491,1022.422,580.023442557281,1343.204,577.606380144818,705.826
750,10000000,0.5,10000,1.42933533008756,1.32281972060436,0.1065156094832,0.0142933533008756,0.0277651632929014,921.784,570.270870152071,1345.315,598.55942877462,771.273,0.0132281972060436,0.0243578485308761,984.675,576.883715643803,1353.781,582.787480166656,708.734
750,10000000,0.5,1000000,6.68429308357735,6.95998521880135,-0.275692135224,0.0668429308357735,0.0681214133711494,600.025,471.191878511292,342.437,338.48918746542,493.798,0.0695998521880135,0.069237684708803,655.608,498.697742461303,288.324,269.986294141018,494.226
750,10000000,1,100,31.4914579224391,30.3502662043409,1.14119171809828,0.314914579224391,0.204991246207275,921.784,570.270870152071,57.106,181.613812150949,886.394,0.303502662043409,0.195731720139524,999.234,575.569901266562,73.25,211.058208795583,942.24
750,10000000,1,1000,31.4875527503459,30.3698293227741,1.11772342757175,0.314875527503459,0.204982801127256,921.784,570.270870152071,57.082,181.578934009427,886.418,0.303698293227741,0.195438712049911,999.234,575.569901266562,72.774,210.177474825444,942.668
750,10000000,1,10000,31.4962479000943,31.3724727729541,0.123775127140192,0.314962479000943,0.204457680204689,921.784,570.270870152071,54.588,173.568592366246,888.908,0.313724727729541,0.199435596192587,1024.04,576.588283266318,58.049,170.692362450697,980.547
750,10000000,1,1000000,28.4542839681546,28.8599943163201,-0.405710348165439,0.284542839681546,0.196813087983815,600.025,471.191878511292,37.766,62.0564037307996,567.057,0.288599943163201,0.185889451969783,690.095,511.130875583739,34.13,54.8257521608231,660.741
